Mon May 22 14:18:50 2017,689567_Cover_B_Black.tif
Mon May 22 14:18:58 2017,689567_Cover_B_Cyan.tif
Mon May 22 14:19:06 2017,689567_Cover_B_Magenta.tif
Mon May 22 14:19:15 2017,689567_Cover_B_Yellow.tif
Mon May 22 14:18:16 2017,689567_Cover_F_Black.tif
Mon May 22 14:18:25 2017,689567_Cover_F_Cyan.tif
Mon May 22 14:18:34 2017,689567_Cover_F_Magenta.tif
Mon May 22 14:18:43 2017,689567_Cover_F_Yellow.tif
Mon May 22 14:24:13 2017,690589_8up letterhead + 1up second sheet_F_Black.tif
Mon May 22 14:24:22 2017,690589_8up letterhead + 1up second sheet_F_PANTONE 1375 C.tif
Mon May 22 14:24:17 2017,690589_8up letterhead + 1up second sheet_F_PANTONE 485 CV.tif
Mon May 22 15:01:42 2017,690618_6F+6B on same Sheet_F_Black.tif
Mon May 22 15:01:46 2017,690618_6F+6B on same Sheet_F_Cyan.tif
Mon May 22 15:01:50 2017,690618_6F+6B on same Sheet_F_Magenta.tif
Mon May 22 15:01:59 2017,690618_6F+6B on same Sheet_F_PANTONE 214 C 2.tif
Mon May 22 15:02:03 2017,690618_6F+6B on same Sheet_F_PANTONE 368 C 2.tif
Mon May 22 15:01:55 2017,690618_6F+6B on same Sheet_F_Yellow.tif
Mon May 22 15:15:39 2017,690444_10up same_B_Black.tif
Mon May 22 15:15:43 2017,690444_10up same_B_Cyan.tif
Mon May 22 15:15:47 2017,690444_10up same_B_Magenta.tif
Mon May 22 15:15:52 2017,690444_10up same_B_Yellow.tif
Mon May 22 15:15:17 2017,690444_10up same_F_Black.tif
Mon May 22 15:15:21 2017,690444_10up same_F_Cyan.tif
Mon May 22 15:15:26 2017,690444_10up same_F_Magenta.tif
Mon May 22 15:15:34 2017,690444_10up same_F_PANTONE 368 C.tif
Mon May 22 15:15:30 2017,690444_10up same_F_Yellow.tif
Mon May 22 15:30:56 2017,690613_4up same_F_Black.tif
Mon May 22 15:31:00 2017,690613_4up same_F_Cyan.tif
Mon May 22 15:31:05 2017,690613_4up same_F_Magenta.tif
Mon May 22 15:31:14 2017,690613_4up same_F_PANTONE 214 C.tif
Mon May 22 15:31:19 2017,690613_4up same_F_PANTONE 368 C.tif
Mon May 22 15:31:10 2017,690613_4up same_F_Yellow.tif
Mon May 22 20:50:56 2017,690612_4up same_F_Black.tif
Mon May 22 20:51:00 2017,690612_4up same_F_Cyan.tif
Mon May 22 20:51:05 2017,690612_4up same_F_Magenta.tif
Mon May 22 20:51:15 2017,690612_4up same_F_PANTONE 214 C.tif
Mon May 22 20:51:19 2017,690612_4up same_F_PANTONE 368 C.tif
Mon May 22 20:51:10 2017,690612_4up same_F_Yellow.tif
Mon May 22 21:21:12 2017,690614_6up same_F_Black.tif
Mon May 22 21:21:17 2017,690614_6up same_F_Cyan.tif
Mon May 22 21:21:22 2017,690614_6up same_F_Magenta.tif
Mon May 22 21:21:35 2017,690614_6up same_F_PANTONE 214 C.tif
Mon May 22 21:21:31 2017,690614_6up same_F_PANTONE 368 C.tif
Mon May 22 21:21:27 2017,690614_6up same_F_Yellow.tif
Mon May 22 21:42:23 2017,690616_6up same_F_Black.tif
Mon May 22 21:42:28 2017,690616_6up same_F_Cyan.tif
Mon May 22 21:42:33 2017,690616_6up same_F_Magenta.tif
Mon May 22 21:42:46 2017,690616_6up same_F_PANTONE 214 C.tif
Mon May 22 21:42:42 2017,690616_6up same_F_PANTONE 368 C.tif
Mon May 22 21:42:37 2017,690616_6up same_F_Yellow.tif
Tue May 23 07:03:26 2017,687387 Diwali WT_10up same Booklet_B_Black.tif
Tue May 23 07:03:34 2017,687387 Diwali WT_10up same Booklet_B_Cyan.tif
Tue May 23 07:03:41 2017,687387 Diwali WT_10up same Booklet_B_Magenta.tif
Tue May 23 07:03:46 2017,687387 Diwali WT_10up same Booklet_B_Yellow.tif
Tue May 23 07:02:43 2017,687387 Diwali WT_10up same Booklet_F_Black.tif
Tue May 23 07:02:49 2017,687387 Diwali WT_10up same Booklet_F_Cyan.tif
Tue May 23 07:02:55 2017,687387 Diwali WT_10up same Booklet_F_Magenta.tif
Tue May 23 07:03:09 2017,687387 Diwali WT_10up same Booklet_F_PANTONE 200 C.tif
Tue May 23 07:03:13 2017,687387 Diwali WT_10up same Booklet_F_Tag.tif
Tue May 23 07:03:03 2017,687387 Diwali WT_10up same Booklet_F_Yellow.tif
Tue May 23 07:04:00 2017,687387 Diwali WT_18up same SS_F_Black.tif
Tue May 23 07:04:06 2017,687387 Diwali WT_18up same SS_F_Cyan.tif
Tue May 23 07:04:12 2017,687387 Diwali WT_18up same SS_F_Magenta.tif
Tue May 23 07:04:22 2017,687387 Diwali WT_18up same SS_F_PANTONE 200 C.tif
Tue May 23 07:04:26 2017,687387 Diwali WT_18up same SS_F_Tag.tif
Tue May 23 07:04:17 2017,687387 Diwali WT_18up same SS_F_Yellow.tif
Tue May 23 07:04:31 2017,687387 Diwali WT_10up same Booklet001_F_Gloss Varnish.tif
Tue May 23 07:04:36 2017,687387 Diwali WT_18up same SS002_F_Gloss Varnish.tif
Tue May 23 08:25:41 2017,690687_6up same_F_Black.tif
Tue May 23 08:25:46 2017,690687_6up same_F_Cyan.tif
Tue May 23 08:25:51 2017,690687_6up same_F_Magenta.tif
Tue May 23 08:26:06 2017,690687_6up same_F_PANTONE 214 C.tif
Tue May 23 08:26:01 2017,690687_6up same_F_PANTONE 368 C.tif
Tue May 23 08:25:56 2017,690687_6up same_F_Yellow.tif
Tue May 23 08:40:59 2017,690390 BDT_690390 BDT_FB 001_F_Black.tif
Tue May 23 08:41:04 2017,690390 BDT_690390 BDT_FB 001_F_Cyan.tif
Tue May 23 08:41:11 2017,690390 BDT_690390 BDT_FB 001_F_Magenta.tif
Tue May 23 08:41:23 2017,690390 BDT_690390 BDT_FB 001_F_Metallic Gold.tif
Tue May 23 08:41:18 2017,690390 BDT_690390 BDT_FB 001_F_Yellow.tif
Tue May 23 08:56:56 2017,690461_8F+8B on same Bro (GRAIN WITH FOLD)_F_Black.tif
Tue May 23 08:57:01 2017,690461_8F+8B on same Bro (GRAIN WITH FOLD)_F_Cyan.tif
Tue May 23 08:57:05 2017,690461_8F+8B on same Bro (GRAIN WITH FOLD)_F_Magenta.tif
Tue May 23 08:57:10 2017,690461_8F+8B on same Bro (GRAIN WITH FOLD)_F_Yellow.tif
Tue May 23 10:15:25 2017,690617_10up same_B_Black.tif
Tue May 23 10:15:29 2017,690617_10up same_B_Cyan.tif
Tue May 23 10:15:33 2017,690617_10up same_B_Magenta.tif
Tue May 23 10:15:46 2017,690617_10up same_B_PANTONE 214 C.tif
Tue May 23 10:15:42 2017,690617_10up same_B_PANTONE 368 C.tif
Tue May 23 10:15:37 2017,690617_10up same_B_Yellow.tif
Tue May 23 10:14:58 2017,690617_10up same_F_Black.tif
Tue May 23 10:15:03 2017,690617_10up same_F_Cyan.tif
Tue May 23 10:15:07 2017,690617_10up same_F_Magenta.tif
Tue May 23 10:15:20 2017,690617_10up same_F_PANTONE 214 C.tif
Tue May 23 10:15:16 2017,690617_10up same_F_PANTONE 368 C.tif
Tue May 23 10:15:11 2017,690617_10up same_F_Yellow.tif
Tue May 23 10:39:47 2017,690648 Hockey 2017 Essay_1up each 4diff BKLT + 2diff SS_F_Black.tif
Tue May 23 10:39:55 2017,690648 Hockey 2017 Essay_1up each 4diff BKLT + 2diff SS_F_Cyan.tif
Tue May 23 10:40:03 2017,690648 Hockey 2017 Essay_1up each 4diff BKLT + 2diff SS_F_Magenta.tif
Tue May 23 10:40:21 2017,690648 Hockey 2017 Essay_1up each 4diff BKLT + 2diff SS_F_PANTONE 485 C.tif
Tue May 23 10:40:16 2017,690648 Hockey 2017 Essay_1up each 4diff BKLT + 2diff SS_F_PANTONE 8480 C.tif
Tue May 23 10:40:30 2017,690648 Hockey 2017 Essay_1up each 4diff BKLT + 2diff SS_F_Spot Varn.tif
Tue May 23 10:40:25 2017,690648 Hockey 2017 Essay_1up each 4diff BKLT + 2diff SS_F_Tag.tif
Tue May 23 10:40:11 2017,690648 Hockey 2017 Essay_1up each 4diff BKLT + 2diff SS_F_Yellow.tif
Tue May 23 11:12:01 2017,690785_FB 001_F_Black.tif
Tue May 23 11:31:12 2017,690424_4up same_F_Black.tif
Tue May 23 11:31:17 2017,690424_4up same_F_Cyan.tif
Tue May 23 11:31:22 2017,690424_4up same_F_Magenta.tif
Tue May 23 11:31:27 2017,690424_4up same_F_Yellow.tif
Tue May 23 12:05:14 2017,690648 Hockey 2017 Essay_1up each 4diff BKLT + 2diff SS_F_Black.tif
Tue May 23 12:05:22 2017,690648 Hockey 2017 Essay_1up each 4diff BKLT + 2diff SS_F_Cyan.tif
Tue May 23 12:05:30 2017,690648 Hockey 2017 Essay_1up each 4diff BKLT + 2diff SS_F_Magenta.tif
Tue May 23 12:05:48 2017,690648 Hockey 2017 Essay_1up each 4diff BKLT + 2diff SS_F_PANTONE 485 C.tif
Tue May 23 12:05:43 2017,690648 Hockey 2017 Essay_1up each 4diff BKLT + 2diff SS_F_PANTONE 8480 C.tif
Tue May 23 12:05:57 2017,690648 Hockey 2017 Essay_1up each 4diff BKLT + 2diff SS_F_Spot Varn.tif
Tue May 23 12:05:52 2017,690648 Hockey 2017 Essay_1up each 4diff BKLT + 2diff SS_F_Tag.tif
Tue May 23 12:05:38 2017,690648 Hockey 2017 Essay_1up each 4diff BKLT + 2diff SS_F_Yellow.tif
Tue May 23 13:20:38 2017,690615_6up same_F_Black.tif
Tue May 23 13:20:43 2017,690615_6up same_F_Cyan.tif
Tue May 23 13:20:48 2017,690615_6up same_F_Magenta.tif
Tue May 23 13:21:02 2017,690615_6up same_F_PANTONE 214 C.tif
Tue May 23 13:20:57 2017,690615_6up same_F_PANTONE 368 C.tif
Tue May 23 13:20:53 2017,690615_6up same_F_Yellow.tif
Tue May 23 13:59:34 2017,690755_Sig3_16pg_B_Black.tif
Tue May 23 13:59:30 2017,690755_Sig3_16pg_F_Black.tif
Tue May 23 13:59:43 2017,690755_Sig1_16pg_B_Black.tif
Tue May 23 13:59:39 2017,690755_Sig1_16pg_F_Black.tif
Tue May 23 13:59:52 2017,690755_Sig2_4pg-4up same_B_Black.tif
Tue May 23 13:59:48 2017,690755_Sig2_4pg-4up same_F_Black.tif
Tue May 23 14:00:02 2017,690755_Sig6_16pg_B_Black.tif
Tue May 23 13:59:57 2017,690755_Sig6_16pg_F_Black.tif
Tue May 23 14:00:11 2017,690755_Sig5_16pg_B_Black.tif
Tue May 23 14:00:06 2017,690755_Sig5_16pg_F_Black.tif
Tue May 23 14:00:20 2017,690755_Sig4_16pg_B_Black.tif
Tue May 23 14:00:16 2017,690755_Sig4_16pg_F_Black.tif
Tue May 23 14:00:29 2017,690755_Sig9_16pg_B_Black.tif
Tue May 23 14:00:25 2017,690755_Sig9_16pg_F_Black.tif
Tue May 23 14:00:39 2017,690755_Sig8_16pg_B_Black.tif
Tue May 23 14:00:34 2017,690755_Sig8_16pg_F_Black.tif
Tue May 23 14:00:48 2017,690755_Sig7_16pg_B_Black.tif
Tue May 23 14:00:43 2017,690755_Sig7_16pg_F_Black.tif
Tue May 23 14:00:59 2017,690755_Sig10_16pg_B_Black.tif
Tue May 23 14:00:54 2017,690755_Sig10_16pg_F_Black.tif
Tue May 23 14:01:09 2017,690755_Cover-2up same_B_Black.tif
Tue May 23 14:01:05 2017,690755_Cover-2up same_F_Black.tif
Tue May 23 15:11:55 2017,690811_Sg2-16pg_B_Black.tif
Tue May 23 15:12:02 2017,690811_Sg2-16pg_B_Cyan.tif
Tue May 23 15:12:09 2017,690811_Sg2-16pg_B_Magenta.tif
Tue May 23 15:12:17 2017,690811_Sg2-16pg_B_Yellow.tif
Tue May 23 15:11:23 2017,690811_Sg2-16pg_F_Black.tif
Tue May 23 15:11:31 2017,690811_Sg2-16pg_F_Cyan.tif
Tue May 23 15:11:40 2017,690811_Sg2-16pg_F_Magenta.tif
Tue May 23 15:11:48 2017,690811_Sg2-16pg_F_Yellow.tif
Mon Aug 28 08:46:20 2017,692335_Sig9 16pg_B_Black.tif
Mon Aug 28 08:46:29 2017,692335_Sig9 16pg_B_Cyan.tif
Mon Aug 28 08:46:38 2017,692335_Sig9 16pg_B_Magenta.tif
Mon Aug 28 08:46:50 2017,692335_Sig9 16pg_B_Satin Varnish.tif
Mon Aug 28 08:46:46 2017,692335_Sig9 16pg_B_Yellow.tif
Mon Aug 28 08:45:34 2017,692335_Sig9 16pg_F_Black.tif
Mon Aug 28 08:45:45 2017,692335_Sig9 16pg_F_Cyan.tif
Mon Aug 28 08:45:55 2017,692335_Sig9 16pg_F_Magenta.tif
Mon Aug 28 08:46:11 2017,692335_Sig9 16pg_F_Satin Varnish.tif
Mon Aug 28 08:46:06 2017,692335_Sig9 16pg_F_Yellow.tif
Mon Sep 25 08:16:09 2017,693892 PCI Dog panes_Form3 1up each of 4diff_F_Black.tif
Mon Sep 25 08:16:15 2017,693892 PCI Dog panes_Form3 1up each of 4diff_F_Cyan.tif
Mon Sep 25 08:16:21 2017,693892 PCI Dog panes_Form3 1up each of 4diff_F_Magenta.tif
Mon Sep 25 08:16:35 2017,693892 PCI Dog panes_Form3 1up each of 4diff_F_Tag.tif
Mon Sep 25 08:16:31 2017,693892 PCI Dog panes_Form3 1up each of 4diff_F_TopStar Gold.tif
Mon Sep 25 08:16:26 2017,693892 PCI Dog panes_Form3 1up each of 4diff_F_Yellow.tif
Mon Sep 25 10:42:42 2017,692162_Cover_B_Black.tif
Mon Sep 25 10:42:49 2017,692162_Cover_B_Cyan.tif
Mon Sep 25 10:42:55 2017,692162_Cover_B_Magenta.tif
Mon Sep 25 10:43:01 2017,692162_Cover_B_Yellow.tif
Mon Sep 25 10:42:02 2017,692162_Cover_F_Black.tif
Mon Sep 25 10:42:13 2017,692162_Cover_F_Cyan.tif
Mon Sep 25 10:42:24 2017,692162_Cover_F_Magenta.tif
Mon Sep 25 10:42:36 2017,692162_Cover_F_Yellow.tif
Mon Sep 25 11:11:29 2017,694173_12-up same_F_Black.tif
Mon Sep 25 11:11:37 2017,694173_12-up same_F_Cyan.tif
Mon Sep 25 11:11:46 2017,694173_12-up same_F_Magenta.tif
Mon Sep 25 11:11:59 2017,694173_12-up same_F_Varnish.tif
Mon Sep 25 11:11:54 2017,694173_12-up same_F_Yellow.tif
Mon Sep 25 11:43:49 2017,694126_3f + 3b french & 1f + 1b english_F_Black.tif
Mon Sep 25 11:43:55 2017,694126_3f + 3b french & 1f + 1b english_F_Cyan.tif
Mon Sep 25 11:44:00 2017,694126_3f + 3b french & 1f + 1b english_F_Magenta.tif
Mon Sep 25 11:44:07 2017,694126_3f + 3b french & 1f + 1b english_F_Yellow.tif
Mon Sep 25 11:44:38 2017,694126_4x8pp english_B_Black.tif
Mon Sep 25 11:44:44 2017,694126_4x8pp english_B_Cyan.tif
Mon Sep 25 11:44:50 2017,694126_4x8pp english_B_Magenta.tif
Mon Sep 25 11:44:55 2017,694126_4x8pp english_B_Yellow.tif
Mon Sep 25 11:44:14 2017,694126_4x8pp english_F_Black.tif
Mon Sep 25 11:44:20 2017,694126_4x8pp english_F_Cyan.tif
Mon Sep 25 11:44:26 2017,694126_4x8pp english_F_Magenta.tif
Mon Sep 25 11:44:32 2017,694126_4x8pp english_F_Yellow.tif
Mon Sep 25 11:45:26 2017,694126_4x8pp french_B_Black.tif
Mon Sep 25 11:45:32 2017,694126_4x8pp french_B_Cyan.tif
Mon Sep 25 11:45:38 2017,694126_4x8pp french_B_Magenta.tif
Mon Sep 25 11:45:44 2017,694126_4x8pp french_B_Yellow.tif
Mon Sep 25 11:45:03 2017,694126_4x8pp french_F_Black.tif
Mon Sep 25 11:45:09 2017,694126_4x8pp french_F_Cyan.tif
Mon Sep 25 11:45:14 2017,694126_4x8pp french_F_Magenta.tif
Mon Sep 25 11:45:20 2017,694126_4x8pp french_F_Yellow.tif
Mon Sep 25 13:29:26 2017,694000_cover 2f + 2b_F_Black.tif
Mon Sep 25 13:29:37 2017,694000_cover 2f + 2b_F_Cyan.tif
Mon Sep 25 13:29:48 2017,694000_cover 2f + 2b_F_Magenta.tif
Mon Sep 25 13:29:59 2017,694000_cover 2f + 2b_F_Yellow.tif
Mon Sep 25 13:30:53 2017,694000_16pp_B_Black.tif
Mon Sep 25 13:31:02 2017,694000_16pp_B_Cyan.tif
Mon Sep 25 13:31:10 2017,694000_16pp_B_Magenta.tif
Mon Sep 25 13:31:19 2017,694000_16pp_B_Yellow.tif
Mon Sep 25 13:30:17 2017,694000_16pp_F_Black.tif
Mon Sep 25 13:30:27 2017,694000_16pp_F_Cyan.tif
Mon Sep 25 13:30:36 2017,694000_16pp_F_Magenta.tif
Mon Sep 25 13:30:44 2017,694000_16pp_F_Yellow.tif
Mon Sep 25 13:58:54 2017,693905 AN Post_4up same_F_Black.tif
Mon Sep 25 13:59:00 2017,693905 AN Post_4up same_F_Cyan.tif
Mon Sep 25 13:59:06 2017,693905 AN Post_4up same_F_Magenta.tif
Mon Sep 25 13:59:16 2017,693905 AN Post_4up same_F_TAG.tif
Mon Sep 25 13:59:11 2017,693905 AN Post_4up same_F_Yellow.tif
Mon Sep 25 17:07:48 2017,694141_8up same_F_Black.tif
Mon Sep 25 17:16:27 2017,694170_Sg1_12pg + Sg2_8pg_B_Black.tif
Mon Sep 25 17:16:22 2017,694170_Sg1_12pg + Sg2_8pg_F_Black.tif
Mon Sep 25 17:27:26 2017,694118_2up same on XL_B_Black.tif
Mon Sep 25 17:27:37 2017,694118_2up same on XL_B_Cyan.tif
Mon Sep 25 17:27:45 2017,694118_2up same on XL_B_Magenta.tif
Mon Sep 25 17:27:54 2017,694118_2up same on XL_B_Yellow.tif
Mon Sep 25 17:26:50 2017,694118_2up same on XL_F_Black.tif
Mon Sep 25 17:27:01 2017,694118_2up same on XL_F_Cyan.tif
Mon Sep 25 17:27:09 2017,694118_2up same on XL_F_Magenta.tif
Mon Sep 25 17:27:18 2017,694118_2up same on XL_F_Yellow.tif
Mon Sep 25 17:52:42 2017,693924_Fm1-13up of 5 diff_B_Black.tif
Mon Sep 25 17:52:48 2017,693924_Fm1-13up of 5 diff_B_Cyan.tif
Mon Sep 25 17:52:55 2017,693924_Fm1-13up of 5 diff_B_Magenta.tif
Mon Sep 25 17:53:01 2017,693924_Fm1-13up of 5 diff_B_Yellow.tif
Mon Sep 25 17:52:03 2017,693924_Fm1-13up of 5 diff_F_Black.tif
Mon Sep 25 17:52:14 2017,693924_Fm1-13up of 5 diff_F_Cyan.tif
Mon Sep 25 17:52:24 2017,693924_Fm1-13up of 5 diff_F_Magenta.tif
Mon Sep 25 17:52:34 2017,693924_Fm1-13up of 5 diff_F_Yellow.tif
Mon Sep 25 18:18:20 2017,693940_Sig1+2 16pg each_B_Black.tif
Mon Sep 25 18:18:27 2017,693940_Sig1+2 16pg each_B_Cyan.tif
Mon Sep 25 18:18:34 2017,693940_Sig1+2 16pg each_B_Magenta.tif
Mon Sep 25 18:18:40 2017,693940_Sig1+2 16pg each_B_Yellow.tif
Mon Sep 25 18:17:48 2017,693940_Sig1+2 16pg each_F_Black.tif
Mon Sep 25 18:17:57 2017,693940_Sig1+2 16pg each_F_Cyan.tif
Mon Sep 25 18:18:05 2017,693940_Sig1+2 16pg each_F_Magenta.tif
Mon Sep 25 18:18:13 2017,693940_Sig1+2 16pg each_F_Yellow.tif
Mon Sep 25 18:19:22 2017,693940_Sig3 12pg_B_Black.tif
Mon Sep 25 18:19:28 2017,693940_Sig3 12pg_B_Cyan.tif
Mon Sep 25 18:19:35 2017,693940_Sig3 12pg_B_Magenta.tif
Mon Sep 25 18:19:41 2017,693940_Sig3 12pg_B_Yellow.tif
Mon Sep 25 18:18:50 2017,693940_Sig3 12pg_F_Black.tif
Mon Sep 25 18:18:58 2017,693940_Sig3 12pg_F_Cyan.tif
Mon Sep 25 18:19:06 2017,693940_Sig3 12pg_F_Magenta.tif
Mon Sep 25 18:19:15 2017,693940_Sig3 12pg_F_Yellow.tif
Mon Sep 25 18:20:43 2017,693940_8up same_B_Black.tif
Mon Sep 25 18:20:48 2017,693940_8up same_B_Cyan.tif
Mon Sep 25 18:20:59 2017,693940_8up same_B_Magenta.tif
Mon Sep 25 18:21:04 2017,693940_8up same_B_Yellow.tif
Mon Sep 25 18:19:57 2017,693940_8up same_F_Black.tif
Mon Sep 25 18:20:08 2017,693940_8up same_F_Cyan.tif
Mon Sep 25 18:20:18 2017,693940_8up same_F_Magenta.tif
Mon Sep 25 18:20:33 2017,693940_8up same_F_Matte Varnish.tif
Mon Sep 25 18:20:28 2017,693940_8up same_F_Yellow.tif
Mon Sep 25 22:34:53 2017,694150_1up flex_B_Black.tif
Mon Sep 25 22:35:01 2017,694150_1up flex_B_Cyan.tif
Mon Sep 25 22:35:08 2017,694150_1up flex_B_Magenta.tif
Mon Sep 25 22:35:15 2017,694150_1up flex_B_Yellow.tif
Mon Sep 25 22:34:25 2017,694150_1up flex_F_Black.tif
Mon Sep 25 22:34:33 2017,694150_1up flex_F_Cyan.tif
Mon Sep 25 22:34:40 2017,694150_1up flex_F_Magenta.tif
Mon Sep 25 22:34:47 2017,694150_1up flex_F_Yellow.tif
Mon Sep 25 22:35:55 2017,694150_1up ship_B_Black.tif
Mon Sep 25 22:36:03 2017,694150_1up ship_B_Cyan.tif
Mon Sep 25 22:36:08 2017,694150_1up ship_B_Magenta.tif
Mon Sep 25 22:36:14 2017,694150_1up ship_B_Yellow.tif
Mon Sep 25 22:35:29 2017,694150_1up ship_F_Black.tif
Mon Sep 25 22:35:37 2017,694150_1up ship_F_Cyan.tif
Mon Sep 25 22:35:43 2017,694150_1up ship_F_Magenta.tif
Mon Sep 25 22:35:50 2017,694150_1up ship_F_Yellow.tif
Mon Sep 25 23:57:28 2017,692002_Cover_B_Black.tif
Mon Sep 25 23:57:39 2017,692002_Cover_B_Cyan.tif
Mon Sep 25 23:57:49 2017,692002_Cover_B_Magenta.tif
Mon Sep 25 23:57:59 2017,692002_Cover_B_Yellow.tif
Mon Sep 25 23:56:34 2017,692002_Cover_F_Black.tif
Mon Sep 25 23:56:46 2017,692002_Cover_F_Cyan.tif
Mon Sep 25 23:56:57 2017,692002_Cover_F_Magenta.tif
Mon Sep 25 23:57:13 2017,692002_Cover_F_Varnish.tif
Mon Sep 25 23:57:08 2017,692002_Cover_F_Yellow.tif
Tue Sep 26 00:30:10 2017,692002_Cover_B_Black.tif
Tue Sep 26 00:30:21 2017,692002_Cover_B_Cyan.tif
Tue Sep 26 00:30:31 2017,692002_Cover_B_Magenta.tif
Tue Sep 26 00:30:41 2017,692002_Cover_B_Yellow.tif
Tue Sep 26 00:29:17 2017,692002_Cover_F_Black.tif
Tue Sep 26 00:29:28 2017,692002_Cover_F_Cyan.tif
Tue Sep 26 00:29:39 2017,692002_Cover_F_Magenta.tif
Tue Sep 26 00:29:55 2017,692002_Cover_F_Varnish.tif
Tue Sep 26 00:29:50 2017,692002_Cover_F_Yellow.tif
Tue Sep 26 00:41:19 2017,694189_4-up same_F_Black.tif
Tue Sep 26 00:41:28 2017,694189_4-up same_F_Cyan.tif
Tue Sep 26 00:41:35 2017,694189_4-up same_F_Magenta.tif
Tue Sep 26 00:41:49 2017,694189_4-up same_F_PANTONE 872 C.tif
Tue Sep 26 00:41:44 2017,694189_4-up same_F_Yellow.tif
Tue Sep 26 01:03:47 2017,691519_Cover._B_Black.tif
Tue Sep 26 01:03:55 2017,691519_Cover._B_Cyan.tif
Tue Sep 26 01:04:03 2017,691519_Cover._B_Magenta.tif
Tue Sep 26 01:04:10 2017,691519_Cover._B_Yellow.tif
Tue Sep 26 01:03:07 2017,691519_Cover._F_Black.tif
Tue Sep 26 01:03:19 2017,691519_Cover._F_Cyan.tif
Tue Sep 26 01:03:29 2017,691519_Cover._F_Magenta.tif
Tue Sep 26 01:03:39 2017,691519_Cover._F_Yellow.tif
Tue Sep 26 01:48:14 2017,692807_22up Eng + 8up Fre Card_B_Black.tif
Tue Sep 26 01:48:20 2017,692807_22up Eng + 8up Fre Card_B_Cyan.tif
Tue Sep 26 01:48:25 2017,692807_22up Eng + 8up Fre Card_B_Magenta.tif
Tue Sep 26 01:48:35 2017,692807_22up Eng + 8up Fre Card_B_Tag.tif
Tue Sep 26 01:48:31 2017,692807_22up Eng + 8up Fre Card_B_Yellow.tif
Tue Sep 26 01:47:35 2017,692807_22up Eng + 8up Fre Card_F_Black.tif
Tue Sep 26 01:47:45 2017,692807_22up Eng + 8up Fre Card_F_Cyan.tif
Tue Sep 26 01:47:56 2017,692807_22up Eng + 8up Fre Card_F_Magenta.tif
Tue Sep 26 01:48:06 2017,692807_22up Eng + 8up Fre Card_F_Yellow.tif
Tue Sep 26 02:12:48 2017,693793_1up poster_B_Black.tif
Tue Sep 26 02:12:52 2017,693793_1up poster_B_Cyan.tif
Tue Sep 26 02:12:57 2017,693793_1up poster_B_Magenta.tif
Tue Sep 26 02:13:05 2017,693793_1up poster_B_PANTONE 421 C.tif
Tue Sep 26 02:13:01 2017,693793_1up poster_B_Yellow.tif
Tue Sep 26 02:12:26 2017,693793_1up poster_F_Black.tif
Tue Sep 26 02:12:30 2017,693793_1up poster_F_Cyan.tif
Tue Sep 26 02:12:35 2017,693793_1up poster_F_Magenta.tif
Tue Sep 26 02:12:44 2017,693793_1up poster_F_PANTONE 421 C.tif
Tue Sep 26 02:12:39 2017,693793_1up poster_F_Yellow.tif
Tue Sep 26 02:58:05 2017,693793_1up poster_B_Black.tif
Tue Sep 26 02:57:56 2017,693793_1up poster_F_Black.tif
Tue Sep 26 02:58:00 2017,693793_1up poster_F_PANTONE 421 C.tif
Tue Sep 26 06:32:56 2017,694219_Sg1-16pg_B_Black.tif
Tue Sep 26 06:32:50 2017,694219_Sg1-16pg_F_Black.tif
Tue Sep 26 07:55:58 2017,694208_4up same LH_F_Foil.tif
Tue Sep 26 07:55:41 2017,694208_4up same LH_F_PANTONE 312 C.tif
Tue Sep 26 07:55:45 2017,694208_4up same LH_F_PANTONE Black 7 C.tif
Tue Sep 26 07:55:50 2017,694208_4up same LH_F_PANTONE Cool Gray 10 C.tif
Tue Sep 26 07:55:54 2017,694208_4up same LH_F_PANTONE Cool Gray 6 C.tif
Tue Sep 26 08:23:06 2017,694217_Cover_F_Black.tif
Tue Sep 26 08:23:16 2017,694217_Cover_F_Cyan.tif
Tue Sep 26 08:23:27 2017,694217_Cover_F_Magenta.tif
Tue Sep 26 08:23:39 2017,694217_Cover_F_Yellow.tif
Tue Sep 26 09:12:31 2017,693110_CM_16pg self cover Magazine_F_Black.tif
Tue Sep 26 09:13:03 2017,693110_ABC_16pg self cover Magazine_F_Black.tif
Tue Sep 26 09:13:33 2017,693110_MT_16pg self cover Magazine_F_Black.tif
Tue Sep 26 09:14:01 2017,693110_LG_16pg self cover Magazine_F_Black.tif
Tue Sep 26 09:23:54 2017,693110_MT_16pg self cover Magazine_B_Black.tif
Tue Sep 26 09:24:06 2017,693110_MT_16pg self cover Magazine_B_Cyan.tif
Tue Sep 26 09:24:16 2017,693110_MT_16pg self cover Magazine_B_Magenta.tif
Tue Sep 26 09:24:32 2017,693110_MT_16pg self cover Magazine_B_varnish.tif
Tue Sep 26 09:24:27 2017,693110_MT_16pg self cover Magazine_B_Yellow.tif
Tue Sep 26 09:23:09 2017,693110_MT_16pg self cover Magazine_F_Black.tif
Tue Sep 26 09:23:18 2017,693110_MT_16pg self cover Magazine_F_Cyan.tif
Tue Sep 26 09:23:29 2017,693110_MT_16pg self cover Magazine_F_Magenta.tif
Tue Sep 26 09:23:44 2017,693110_MT_16pg self cover Magazine_F_varnish.tif
Tue Sep 26 09:23:39 2017,693110_MT_16pg self cover Magazine_F_Yellow.tif
Tue Sep 26 09:25:46 2017,693110_CM_16pg self cover Magazine_B_Black.tif
Tue Sep 26 09:25:57 2017,693110_CM_16pg self cover Magazine_B_Cyan.tif
Tue Sep 26 09:26:08 2017,693110_CM_16pg self cover Magazine_B_Magenta.tif
Tue Sep 26 09:26:23 2017,693110_CM_16pg self cover Magazine_B_varnish.tif
Tue Sep 26 09:26:18 2017,693110_CM_16pg self cover Magazine_B_Yellow.tif
Tue Sep 26 09:24:57 2017,693110_CM_16pg self cover Magazine_F_Black.tif
Tue Sep 26 09:25:08 2017,693110_CM_16pg self cover Magazine_F_Cyan.tif
Tue Sep 26 09:25:20 2017,693110_CM_16pg self cover Magazine_F_Magenta.tif
Tue Sep 26 09:25:36 2017,693110_CM_16pg self cover Magazine_F_varnish.tif
Tue Sep 26 09:25:31 2017,693110_CM_16pg self cover Magazine_F_Yellow.tif
Tue Sep 26 09:27:43 2017,693110_ABC_16pg self cover Magazine_B_Black.tif
Tue Sep 26 09:27:55 2017,693110_ABC_16pg self cover Magazine_B_Cyan.tif
Tue Sep 26 09:28:08 2017,693110_ABC_16pg self cover Magazine_B_Magenta.tif
Tue Sep 26 09:28:27 2017,693110_ABC_16pg self cover Magazine_B_varnish.tif
Tue Sep 26 09:28:20 2017,693110_ABC_16pg self cover Magazine_B_Yellow.tif
Tue Sep 26 09:26:54 2017,693110_ABC_16pg self cover Magazine_F_Black.tif
Tue Sep 26 09:27:05 2017,693110_ABC_16pg self cover Magazine_F_Cyan.tif
Tue Sep 26 09:27:17 2017,693110_ABC_16pg self cover Magazine_F_Magenta.tif
Tue Sep 26 09:27:33 2017,693110_ABC_16pg self cover Magazine_F_varnish.tif
Tue Sep 26 09:27:28 2017,693110_ABC_16pg self cover Magazine_F_Yellow.tif
Tue Sep 26 09:29:47 2017,693110_LG_16pg self cover Magazine_B_Black.tif
Tue Sep 26 09:29:58 2017,693110_LG_16pg self cover Magazine_B_Cyan.tif
Tue Sep 26 09:30:09 2017,693110_LG_16pg self cover Magazine_B_Magenta.tif
Tue Sep 26 09:30:25 2017,693110_LG_16pg self cover Magazine_B_varnish.tif
Tue Sep 26 09:30:20 2017,693110_LG_16pg self cover Magazine_B_Yellow.tif
Tue Sep 26 09:28:54 2017,693110_LG_16pg self cover Magazine_F_Black.tif
Tue Sep 26 09:29:06 2017,693110_LG_16pg self cover Magazine_F_Cyan.tif
Tue Sep 26 09:29:19 2017,693110_LG_16pg self cover Magazine_F_Magenta.tif
Tue Sep 26 09:29:37 2017,693110_LG_16pg self cover Magazine_F_varnish.tif
Tue Sep 26 09:29:31 2017,693110_LG_16pg self cover Magazine_F_Yellow.tif
Tue Sep 26 10:21:20 2017,694099_#7-9x12_FB 001_F_Black.tif
Tue Sep 26 10:22:32 2017,694099_1f + 1b same_F_Black.tif
Tue Sep 26 10:22:37 2017,694099_1f + 1b same_F_Cyan.tif
Tue Sep 26 10:22:44 2017,694099_1f + 1b same_F_Magenta.tif
Tue Sep 26 10:22:49 2017,694099_1f + 1b same_F_Yellow.tif
Tue Sep 26 10:46:26 2017,694199_3up same001_F_Black.tif
Tue Sep 26 13:15:02 2017,693754_6up same_B_Black.tif
Tue Sep 26 13:15:07 2017,693754_6up same_B_PANTONE 871 C.tif
Tue Sep 26 13:15:11 2017,693754_6up same_B_Varnish.tif
Tue Sep 26 15:45:41 2017,694088_Postcard%3A 8F+8B w-turn_F_Black.tif
Tue Sep 26 15:45:45 2017,694088_Postcard%3A 8F+8B w-turn_F_Cyan.tif
Tue Sep 26 15:45:52 2017,694088_Postcard%3A 8F+8B w-turn_F_Magenta.tif
Tue Sep 26 15:45:57 2017,694088_Postcard%3A 8F+8B w-turn_F_Yellow.tif
Tue Sep 26 16:03:07 2017,694090_7F+7B on same Brochure_F_Black.tif
Tue Sep 26 16:03:11 2017,694090_7F+7B on same Brochure_F_Cyan.tif
Tue Sep 26 16:03:15 2017,694090_7F+7B on same Brochure_F_Magenta.tif
Tue Sep 26 16:03:24 2017,694090_7F+7B on same Brochure_F_PANTONE 214 C.tif
Tue Sep 26 16:03:29 2017,694090_7F+7B on same Brochure_F_PANTONE 368 C.tif
Tue Sep 26 16:03:20 2017,694090_7F+7B on same Brochure_F_Yellow.tif
Tue Sep 26 17:38:03 2017,693971_2up same inkjet_B_Black.tif
Tue Sep 26 17:38:10 2017,693971_2up same inkjet_B_Cyan.tif
Tue Sep 26 17:38:17 2017,693971_2up same inkjet_B_Magenta.tif
Tue Sep 26 17:38:24 2017,693971_2up same inkjet_B_Yellow.tif
Tue Sep 26 17:37:35 2017,693971_2up same inkjet_F_Black.tif
Tue Sep 26 17:37:41 2017,693971_2up same inkjet_F_Cyan.tif
Tue Sep 26 17:37:49 2017,693971_2up same inkjet_F_Magenta.tif
Tue Sep 26 17:37:55 2017,693971_2up same inkjet_F_Yellow.tif
Tue Sep 26 17:39:09 2017,693971_2up same generic_B_Black.tif
Tue Sep 26 17:39:15 2017,693971_2up same generic_B_Cyan.tif
Tue Sep 26 17:39:23 2017,693971_2up same generic_B_Magenta.tif
Tue Sep 26 17:39:29 2017,693971_2up same generic_B_Yellow.tif
Tue Sep 26 17:38:38 2017,693971_2up same generic_F_Black.tif
Tue Sep 26 17:38:46 2017,693971_2up same generic_F_Cyan.tif
Tue Sep 26 17:38:54 2017,693971_2up same generic_F_Magenta.tif
Tue Sep 26 17:39:01 2017,693971_2up same generic_F_Yellow.tif
Tue Sep 26 17:40:15 2017,693971_2up same rick_B_Black.tif
Tue Sep 26 17:40:21 2017,693971_2up same rick_B_Cyan.tif
Tue Sep 26 17:40:29 2017,693971_2up same rick_B_Magenta.tif
Tue Sep 26 17:40:35 2017,693971_2up same rick_B_Yellow.tif
Tue Sep 26 17:39:44 2017,693971_2up same rick_F_Black.tif
Tue Sep 26 17:39:52 2017,693971_2up same rick_F_Cyan.tif
Tue Sep 26 17:40:00 2017,693971_2up same rick_F_Magenta.tif
Tue Sep 26 17:40:07 2017,693971_2up same rick_F_Yellow.tif
Tue Sep 26 19:35:07 2017,692576_Cover_B_Black.tif
Tue Sep 26 19:35:20 2017,692576_Cover_B_Cyan.tif
Tue Sep 26 19:35:30 2017,692576_Cover_B_Magenta.tif
Tue Sep 26 19:35:42 2017,692576_Cover_B_Yellow.tif
Tue Sep 26 19:34:26 2017,692576_Cover_F_Black.tif
Tue Sep 26 19:34:37 2017,692576_Cover_F_Cyan.tif
Tue Sep 26 19:34:47 2017,692576_Cover_F_Magenta.tif
Tue Sep 26 19:34:56 2017,692576_Cover_F_Yellow.tif
Tue Sep 26 20:19:41 2017,693736_6pg Cover Back Gatefold_B_Black.tif
Tue Sep 26 20:19:53 2017,693736_6pg Cover Back Gatefold_B_Cyan.tif
Tue Sep 26 20:20:04 2017,693736_6pg Cover Back Gatefold_B_Magenta.tif
Tue Sep 26 20:20:16 2017,693736_6pg Cover Back Gatefold_B_Yellow.tif
Tue Sep 26 20:19:00 2017,693736_6pg Cover Back Gatefold_F_Black.tif
Tue Sep 26 20:19:11 2017,693736_6pg Cover Back Gatefold_F_Cyan.tif
Tue Sep 26 20:19:21 2017,693736_6pg Cover Back Gatefold_F_Magenta.tif
Tue Sep 26 20:19:31 2017,693736_6pg Cover Back Gatefold_F_Yellow.tif
Tue Sep 26 22:00:05 2017,693740_Cover_B_Black.tif
Tue Sep 26 22:00:14 2017,693740_Cover_B_Cyan.tif
Tue Sep 26 22:00:23 2017,693740_Cover_B_Magenta.tif
Tue Sep 26 22:00:32 2017,693740_Cover_B_Yellow.tif
Tue Sep 26 21:59:23 2017,693740_Cover_F_Black.tif
Tue Sep 26 21:59:35 2017,693740_Cover_F_Cyan.tif
Tue Sep 26 21:59:46 2017,693740_Cover_F_Magenta.tif
Tue Sep 26 21:59:56 2017,693740_Cover_F_Yellow.tif
Tue Sep 26 22:49:00 2017,693609_BRC-Cdn + USA 3up ea _01-Cdn_per_mail-USPS_B_Black.tif
Tue Sep 26 22:48:20 2017,693609_BRC-Cdn + USA 3up ea _01-Cdn_per_mail-USPS_F_Black.tif
Tue Sep 26 22:49:06 2017,693609_BRC-Cdn + USA 3up ea _B_Cyan.tif
Tue Sep 26 22:49:13 2017,693609_BRC-Cdn + USA 3up ea _B_Magenta.tif
Tue Sep 26 22:49:21 2017,693609_BRC-Cdn + USA 3up ea _B_Yellow.tif
Tue Sep 26 22:48:31 2017,693609_BRC-Cdn + USA 3up ea _F_Cyan.tif
Tue Sep 26 22:48:40 2017,693609_BRC-Cdn + USA 3up ea _F_Magenta.tif
Tue Sep 26 22:48:51 2017,693609_BRC-Cdn + USA 3up ea _F_Yellow.tif
Tue Sep 26 22:50:30 2017,693609_USPS Sg1-4pg_01-4USPS_B_Black.tif
Tue Sep 26 22:50:39 2017,693609_USPS Sg1-4pg_01-4USPS_B_Cyan.tif
Tue Sep 26 22:50:48 2017,693609_USPS Sg1-4pg_01-4USPS_B_Magenta.tif
Tue Sep 26 22:50:56 2017,693609_USPS Sg1-4pg_01-4USPS_B_Yellow.tif
Tue Sep 26 22:49:51 2017,693609_USPS Sg1-4pg_01-4USPS_F_Black.tif
Tue Sep 26 22:50:02 2017,693609_USPS Sg1-4pg_01-4USPS_F_Cyan.tif
Tue Sep 26 22:50:11 2017,693609_USPS Sg1-4pg_01-4USPS_F_Magenta.tif
Tue Sep 26 22:50:21 2017,693609_USPS Sg1-4pg_01-4USPS_F_Yellow.tif
Tue Sep 26 22:52:05 2017,693609_Cdn Letter mail-Sg1-4pg_01-4Cdn_lettermail_B_Black.tif
Tue Sep 26 22:52:15 2017,693609_Cdn Letter mail-Sg1-4pg_01-4Cdn_lettermail_B_Cyan.tif
Tue Sep 26 22:52:24 2017,693609_Cdn Letter mail-Sg1-4pg_01-4Cdn_lettermail_B_Magenta.tif
Tue Sep 26 22:52:32 2017,693609_Cdn Letter mail-Sg1-4pg_01-4Cdn_lettermail_B_Yellow.tif
Tue Sep 26 22:51:24 2017,693609_Cdn Letter mail-Sg1-4pg_01-4Cdn_lettermail_F_Black.tif
Tue Sep 26 22:51:34 2017,693609_Cdn Letter mail-Sg1-4pg_01-4Cdn_lettermail_F_Cyan.tif
Tue Sep 26 22:51:44 2017,693609_Cdn Letter mail-Sg1-4pg_01-4Cdn_lettermail_F_Magenta.tif
Tue Sep 26 22:51:56 2017,693609_Cdn Letter mail-Sg1-4pg_01-4Cdn_lettermail_F_Yellow.tif
Tue Sep 26 22:53:46 2017,693609_USA No Indicia-Sg1-4pg_01-4US_no_Indicia_B_Black.tif
Tue Sep 26 22:53:55 2017,693609_USA No Indicia-Sg1-4pg_01-4US_no_Indicia_B_Cyan.tif
Tue Sep 26 22:54:04 2017,693609_USA No Indicia-Sg1-4pg_01-4US_no_Indicia_B_Magenta.tif
Tue Sep 26 22:54:12 2017,693609_USA No Indicia-Sg1-4pg_01-4US_no_Indicia_B_Yellow.tif
Tue Sep 26 22:53:05 2017,693609_USA No Indicia-Sg1-4pg_01-4US_no_Indicia_F_Black.tif
Tue Sep 26 22:53:15 2017,693609_USA No Indicia-Sg1-4pg_01-4US_no_Indicia_F_Cyan.tif
Tue Sep 26 22:53:25 2017,693609_USA No Indicia-Sg1-4pg_01-4US_no_Indicia_F_Magenta.tif
Tue Sep 26 22:53:37 2017,693609_USA No Indicia-Sg1-4pg_01-4US_no_Indicia_F_Yellow.tif
Tue Sep 26 22:55:24 2017,693609_Cdn Per mail-Sg1-4pg_01-4Cdn_per_mail_B_Black.tif
Tue Sep 26 22:54:42 2017,693609_Cdn Per mail-Sg1-4pg_01-4Cdn_per_mail_F_Black.tif
Tue Sep 26 22:55:34 2017,693609_Cdn Per mail-Sg1-4pg_B_Cyan.tif
Tue Sep 26 22:55:43 2017,693609_Cdn Per mail-Sg1-4pg_B_Magenta.tif
Tue Sep 26 22:55:52 2017,693609_Cdn Per mail-Sg1-4pg_B_Yellow.tif
Tue Sep 26 22:54:52 2017,693609_Cdn Per mail-Sg1-4pg_F_Cyan.tif
Tue Sep 26 22:55:03 2017,693609_Cdn Per mail-Sg1-4pg_F_Magenta.tif
Tue Sep 26 22:55:14 2017,693609_Cdn Per mail-Sg1-4pg_F_Yellow.tif
Tue Sep 26 23:06:50 2017,693609_Cdn Letter mail-Sg1-4pg_01-4Cdn_lettermail_B_Black.tif
Tue Sep 26 23:06:02 2017,693609_Cdn Letter mail-Sg1-4pg_01-4Cdn_lettermail_F_Black.tif
Tue Sep 26 23:07:00 2017,693609_Cdn Letter mail-Sg1-4pg_B_Cyan.tif
Tue Sep 26 23:07:09 2017,693609_Cdn Letter mail-Sg1-4pg_B_Magenta.tif
Tue Sep 26 23:07:17 2017,693609_Cdn Letter mail-Sg1-4pg_B_Yellow.tif
Tue Sep 26 23:06:11 2017,693609_Cdn Letter mail-Sg1-4pg_F_Cyan.tif
Tue Sep 26 23:06:21 2017,693609_Cdn Letter mail-Sg1-4pg_F_Magenta.tif
Tue Sep 26 23:06:36 2017,693609_Cdn Letter mail-Sg1-4pg_F_varnish.tif
Tue Sep 26 23:06:31 2017,693609_Cdn Letter mail-Sg1-4pg_F_Yellow.tif
Tue Sep 26 23:08:38 2017,693609_USA No Indicia-Sg1-4pg_01-4US_no_Indicia_B_Black.tif
Tue Sep 26 23:07:48 2017,693609_USA No Indicia-Sg1-4pg_01-4US_no_Indicia_F_Black.tif
Tue Sep 26 23:08:47 2017,693609_USA No Indicia-Sg1-4pg_B_Cyan.tif
Tue Sep 26 23:08:56 2017,693609_USA No Indicia-Sg1-4pg_B_Magenta.tif
Tue Sep 26 23:09:05 2017,693609_USA No Indicia-Sg1-4pg_B_Yellow.tif
Tue Sep 26 23:07:59 2017,693609_USA No Indicia-Sg1-4pg_F_Cyan.tif
Tue Sep 26 23:08:08 2017,693609_USA No Indicia-Sg1-4pg_F_Magenta.tif
Tue Sep 26 23:08:25 2017,693609_USA No Indicia-Sg1-4pg_F_varnish.tif
Tue Sep 26 23:08:20 2017,693609_USA No Indicia-Sg1-4pg_F_Yellow.tif
Tue Sep 26 23:10:27 2017,693609_USPS Sg1-4pg_01-4USPS_B_Black.tif
Tue Sep 26 23:09:37 2017,693609_USPS Sg1-4pg_01-4USPS_F_Black.tif
Tue Sep 26 23:10:36 2017,693609_USPS Sg1-4pg_B_Cyan.tif
Tue Sep 26 23:10:45 2017,693609_USPS Sg1-4pg_B_Magenta.tif
Tue Sep 26 23:10:53 2017,693609_USPS Sg1-4pg_B_Yellow.tif
Tue Sep 26 23:09:47 2017,693609_USPS Sg1-4pg_F_Cyan.tif
Tue Sep 26 23:09:57 2017,693609_USPS Sg1-4pg_F_Magenta.tif
Tue Sep 26 23:10:14 2017,693609_USPS Sg1-4pg_F_varnish.tif
Tue Sep 26 23:10:08 2017,693609_USPS Sg1-4pg_F_Yellow.tif
Tue Sep 26 23:12:11 2017,693609_Cdn Per mail-Sg1-4pg_01-4Cdn_per_mail_B_Black.tif
Tue Sep 26 23:11:21 2017,693609_Cdn Per mail-Sg1-4pg_01-4Cdn_per_mail_F_Black.tif
Tue Sep 26 23:12:21 2017,693609_Cdn Per mail-Sg1-4pg_B_Cyan.tif
Tue Sep 26 23:12:30 2017,693609_Cdn Per mail-Sg1-4pg_B_Magenta.tif
Tue Sep 26 23:12:38 2017,693609_Cdn Per mail-Sg1-4pg_B_Yellow.tif
Tue Sep 26 23:11:31 2017,693609_Cdn Per mail-Sg1-4pg_F_Cyan.tif
Tue Sep 26 23:11:41 2017,693609_Cdn Per mail-Sg1-4pg_F_Magenta.tif
Tue Sep 26 23:11:57 2017,693609_Cdn Per mail-Sg1-4pg_F_varnish.tif
Tue Sep 26 23:11:51 2017,693609_Cdn Per mail-Sg1-4pg_F_Yellow.tif
Wed Sep 27 03:01:38 2017,694276_4up french only_B_Black.tif
Wed Sep 27 03:01:33 2017,694276_4up french only_F_Black.tif
Wed Sep 27 03:14:14 2017,692821_Cover_01-Layer_2-Layer_3_B_Black.tif
Wed Sep 27 03:14:26 2017,692821_Cover_01-Layer_2-Layer_3_B_Cyan.tif
Wed Sep 27 03:14:38 2017,692821_Cover_01-Layer_2-Layer_3_B_Magenta.tif
Wed Sep 27 03:14:48 2017,692821_Cover_01-Layer_2-Layer_3_B_Yellow.tif
Wed Sep 27 03:13:26 2017,692821_Cover_01-Layer_2-Layer_3_F_Black.tif
Wed Sep 27 03:13:37 2017,692821_Cover_01-Layer_2-Layer_3_F_Cyan.tif
Wed Sep 27 03:13:47 2017,692821_Cover_01-Layer_2-Layer_3_F_Magenta.tif
Wed Sep 27 03:13:57 2017,692821_Cover_01-Layer_2-Layer_3_F_Yellow.tif
Wed Sep 27 03:14:01 2017,692821_Cover_F_Varnish.tif
Wed Sep 27 03:15:43 2017,692821_sig-1-Club Voyage_01-Layer_3_B_Black.tif
Wed Sep 27 03:15:52 2017,692821_sig-1-Club Voyage_01-Layer_3_B_Cyan.tif
Wed Sep 27 03:16:01 2017,692821_sig-1-Club Voyage_01-Layer_3_B_Magenta.tif
Wed Sep 27 03:16:10 2017,692821_sig-1-Club Voyage_01-Layer_3_B_Yellow.tif
Wed Sep 27 03:15:03 2017,692821_sig-1-Club Voyage_01-Layer_3_F_Black.tif
Wed Sep 27 03:15:13 2017,692821_sig-1-Club Voyage_01-Layer_3_F_Cyan.tif
Wed Sep 27 03:15:23 2017,692821_sig-1-Club Voyage_01-Layer_3_F_Magenta.tif
Wed Sep 27 03:15:33 2017,692821_sig-1-Club Voyage_01-Layer_3_F_Yellow.tif
Wed Sep 27 03:17:03 2017,692821_sig-1-Voyage Transat_01-Layer_2_B_Black.tif
Wed Sep 27 03:17:13 2017,692821_sig-1-Voyage Transat_01-Layer_2_B_Cyan.tif
Wed Sep 27 03:17:22 2017,692821_sig-1-Voyage Transat_01-Layer_2_B_Magenta.tif
Wed Sep 27 03:17:30 2017,692821_sig-1-Voyage Transat_01-Layer_2_B_Yellow.tif
Wed Sep 27 03:16:24 2017,692821_sig-1-Voyage Transat_01-Layer_2_F_Black.tif
Wed Sep 27 03:16:34 2017,692821_sig-1-Voyage Transat_01-Layer_2_F_Cyan.tif
Wed Sep 27 03:16:44 2017,692821_sig-1-Voyage Transat_01-Layer_2_F_Magenta.tif
Wed Sep 27 03:16:54 2017,692821_sig-1-Voyage Transat_01-Layer_2_F_Yellow.tif
Wed Sep 27 03:18:32 2017,692821_Sig-2-Common_01-Layer_2_B_Black.tif
Wed Sep 27 03:18:43 2017,692821_Sig-2-Common_01-Layer_2_B_Cyan.tif
Wed Sep 27 03:18:53 2017,692821_Sig-2-Common_01-Layer_2_B_Magenta.tif
Wed Sep 27 03:19:04 2017,692821_Sig-2-Common_01-Layer_2_B_Yellow.tif
Wed Sep 27 03:17:48 2017,692821_Sig-2-Common_01-Layer_2_F_Black.tif
Wed Sep 27 03:17:59 2017,692821_Sig-2-Common_01-Layer_2_F_Cyan.tif
Wed Sep 27 03:18:11 2017,692821_Sig-2-Common_01-Layer_2_F_Magenta.tif
Wed Sep 27 03:18:21 2017,692821_Sig-2-Common_01-Layer_2_F_Yellow.tif
Wed Sep 27 03:19:58 2017,692821_Sig-3-Common_01-2Layer_2_B_Black.tif
Wed Sep 27 03:19:17 2017,692821_Sig-3-Common_01-2Layer_2_F_Black.tif
Wed Sep 27 03:20:11 2017,692821_Sig-3-Common_B_Cyan.tif
Wed Sep 27 03:20:22 2017,692821_Sig-3-Common_B_Magenta.tif
Wed Sep 27 03:20:34 2017,692821_Sig-3-Common_B_Yellow.tif
Wed Sep 27 03:19:26 2017,692821_Sig-3-Common_F_Cyan.tif
Wed Sep 27 03:19:36 2017,692821_Sig-3-Common_F_Magenta.tif
Wed Sep 27 03:19:46 2017,692821_Sig-3-Common_F_Yellow.tif
Wed Sep 27 09:16:44 2017,694216_Sg1_12pg + Sg2_8pg_B_Black.tif
Wed Sep 27 09:16:39 2017,694216_Sg1_12pg + Sg2_8pg_F_Black.tif
Wed Sep 27 09:23:00 2017,691139 Hanukkah OFDC_Cancel OFDC_F_Black.tif
Wed Sep 27 10:09:24 2017,694210_Sg1_16pg_B_Black.tif
Wed Sep 27 10:09:19 2017,694210_Sg1_16pg_F_Black.tif
Wed Sep 27 10:09:36 2017,694210_Sg3_16pg_B_Black.tif
Wed Sep 27 10:09:30 2017,694210_Sg3_16pg_F_Black.tif
Wed Sep 27 10:09:48 2017,694210_Sg2_16pg_B_Black.tif
Wed Sep 27 10:09:42 2017,694210_Sg2_16pg_F_Black.tif
Wed Sep 27 10:10:00 2017,694210_Sg5_8pg-2up same_B_Black.tif
Wed Sep 27 10:09:54 2017,694210_Sg5_8pg-2up same_F_Black.tif
Wed Sep 27 10:10:12 2017,694210_Sg4_16pg_B_Black.tif
Wed Sep 27 10:10:06 2017,694210_Sg4_16pg_F_Black.tif
Wed Sep 27 10:10:19 2017,694210_Cover-2up same_F_Black.tif
Wed Sep 27 10:10:24 2017,694210_Cover-2up same_F_Cyan.tif
Wed Sep 27 10:10:30 2017,694210_Cover-2up same_F_Magenta.tif
Wed Sep 27 10:10:35 2017,694210_Cover-2up same_F_Yellow.tif
Wed Sep 27 10:17:08 2017,694210_Sg2_16pg_B_Black.tif
Wed Sep 27 10:17:02 2017,694210_Sg2_16pg_F_Black.tif
Wed Sep 27 10:17:17 2017,694210_Sg1_16pg_B_Black.tif
Wed Sep 27 10:17:12 2017,694210_Sg1_16pg_F_Black.tif
Wed Sep 27 10:17:28 2017,694210_Sg3_16pg_B_Black.tif
Wed Sep 27 10:17:23 2017,694210_Sg3_16pg_F_Black.tif
Wed Sep 27 10:17:40 2017,694210_Sg5_8pg-2up same_B_Black.tif
Wed Sep 27 10:17:34 2017,694210_Sg5_8pg-2up same_F_Black.tif
Wed Sep 27 10:17:51 2017,694210_Sg4_16pg_B_Black.tif
Wed Sep 27 10:17:45 2017,694210_Sg4_16pg_F_Black.tif
Wed Sep 27 10:39:00 2017,693647_Sig3 16pg_B_Black.tif
Wed Sep 27 10:39:07 2017,693647_Sig3 16pg_B_Cyan.tif
Wed Sep 27 10:39:14 2017,693647_Sig3 16pg_B_Magenta.tif
Wed Sep 27 10:39:21 2017,693647_Sig3 16pg_B_Yellow.tif
Wed Sep 27 10:38:32 2017,693647_Sig3 16pg_F_Black.tif
Wed Sep 27 10:38:38 2017,693647_Sig3 16pg_F_Cyan.tif
Wed Sep 27 10:38:45 2017,693647_Sig3 16pg_F_Magenta.tif
Wed Sep 27 10:38:53 2017,693647_Sig3 16pg_F_Yellow.tif
Wed Sep 27 11:03:10 2017,693971_2up same generic_B_Cyan.tif
Wed Sep 27 11:03:17 2017,693971_2up same generic_B_Magenta.tif
Wed Sep 27 11:03:24 2017,693971_2up same generic_B_Yellow.tif
Wed Sep 27 11:46:04 2017,694210_Cover-2up same_F_Black.tif
Wed Sep 27 11:46:09 2017,694210_Cover-2up same_F_Cyan.tif
Wed Sep 27 11:46:16 2017,694210_Cover-2up same_F_Magenta.tif
Wed Sep 27 11:46:21 2017,694210_Cover-2up same_F_Yellow.tif
Wed Sep 27 13:20:04 2017,694265_Morrice 1up_F_Black.tif
Wed Sep 27 13:20:05 2017,694265_CPI 1up_F_Black.tif
Wed Sep 27 13:47:58 2017,694308_Cover USA_F_Black.tif
Wed Sep 27 13:49:32 2017,694308_Cover USA_B_Black.tif
Wed Sep 27 13:49:43 2017,694308_Cover USA_B_Cyan.tif
Wed Sep 27 13:48:48 2017,694308_Cover USA_F_Black.tif
Wed Sep 27 13:49:00 2017,694308_Cover USA_F_Cyan.tif
Wed Sep 27 13:49:10 2017,694308_Cover USA_F_Magenta.tif
Wed Sep 27 13:49:21 2017,694308_Cover USA_F_Yellow.tif
Wed Sep 27 13:49:53 2017,694308_Cover USA_B_Magenta.tif
Wed Sep 27 13:50:04 2017,694308_Cover USA_B_Yellow.tif
Wed Sep 27 13:52:24 2017,693754_6up same_B_Black.tif
Wed Sep 27 13:52:29 2017,693754_6up same_B_PANTONE 871 C.tif
Wed Sep 27 13:52:33 2017,693754_6up same_B_Varnish.tif
Wed Sep 27 14:21:14 2017,694324_6up same_B_Black.tif
Wed Sep 27 14:21:30 2017,694324_6up same_B_PANTONE 871 C-Support.tif
Wed Sep 27 14:21:19 2017,694324_6up same_B_PANTONE 871 C.tif
Wed Sep 27 14:21:23 2017,694324_6up same_B_Spot Varnish.tif
Wed Sep 27 15:39:57 2017,694274_Sg1_12pg + Sg2_12pg_B_Black.tif
Wed Sep 27 15:39:52 2017,694274_Sg1_12pg + Sg2_12pg_F_Black.tif
Wed Sep 27 15:57:49 2017,694213_Cover-4up same001_B_Black.tif
Wed Sep 27 15:57:58 2017,694213_Cover-4up same001_B_Cyan.tif
Wed Sep 27 15:58:08 2017,694213_Cover-4up same001_B_Magenta.tif
Wed Sep 27 15:58:18 2017,694213_Cover-4up same001_B_Yellow.tif
Wed Sep 27 15:57:00 2017,694213_Cover-4up same001_F_Black.tif
Wed Sep 27 15:57:12 2017,694213_Cover-4up same001_F_Cyan.tif
Wed Sep 27 15:57:25 2017,694213_Cover-4up same001_F_Magenta.tif
Wed Sep 27 15:57:37 2017,694213_Cover-4up same001_F_Yellow.tif
Wed Sep 27 15:59:19 2017,694213_Sg2_16pg003_B_Black.tif
Wed Sep 27 15:59:13 2017,694213_Sg2_16pg003_F_Black.tif
Wed Sep 27 15:59:35 2017,694213_Sg1_16pg002_B_Black.tif
Wed Sep 27 15:59:27 2017,694213_Sg1_16pg002_F_Black.tif
Wed Sep 27 15:59:49 2017,694213_Sg3_16pg004_B_Black.tif
Wed Sep 27 15:59:43 2017,694213_Sg3_16pg004_F_Black.tif
Wed Sep 27 16:00:03 2017,694213_Sg5_16pg006_B_Black.tif
Wed Sep 27 15:59:57 2017,694213_Sg5_16pg006_F_Black.tif
Wed Sep 27 16:00:10 2017,694213_Sg4_16pg005_F_Black.tif
Wed Sep 27 16:00:16 2017,694213_Sg4_16pg005_B_Black.tif
Wed Sep 27 16:00:29 2017,694213_Sg6_16pg007_B_Black.tif
Wed Sep 27 16:00:23 2017,694213_Sg6_16pg007_F_Black.tif
Wed Sep 27 16:00:42 2017,694213_Sg8_4pg-4up same009_B_Black.tif
Wed Sep 27 16:00:36 2017,694213_Sg8_4pg-4up same009_F_Black.tif
Wed Sep 27 16:00:55 2017,694213_Sg7_16pg008_B_Black.tif
Wed Sep 27 16:00:49 2017,694213_Sg7_16pg008_F_Black.tif
Wed Sep 27 16:01:08 2017,694213_Sg9_16pg010_B_Black.tif
Wed Sep 27 16:01:02 2017,694213_Sg9_16pg010_F_Black.tif
Wed Sep 27 16:03:06 2017,692706_Cover_F_Black.tif
Wed Sep 27 16:03:17 2017,692706_Cover_F_Cyan.tif
Wed Sep 27 16:03:27 2017,692706_Cover_F_Magenta.tif
Wed Sep 27 16:03:39 2017,692706_Cover_F_Yellow.tif
Wed Sep 27 17:44:16 2017,691074_Cover_B_Black.tif
Wed Sep 27 17:44:29 2017,691074_Cover_B_Cyan.tif
Wed Sep 27 17:44:42 2017,691074_Cover_B_Magenta.tif
Wed Sep 27 17:44:59 2017,691074_Cover_B_varnish.tif
Wed Sep 27 17:44:54 2017,691074_Cover_B_Yellow.tif
Wed Sep 27 17:43:22 2017,691074_Cover_F_Black.tif
Wed Sep 27 17:43:35 2017,691074_Cover_F_Cyan.tif
Wed Sep 27 17:43:48 2017,691074_Cover_F_Magenta.tif
Wed Sep 27 17:44:04 2017,691074_Cover_F_varnish.tif
Wed Sep 27 17:43:59 2017,691074_Cover_F_Yellow.tif
Wed Sep 27 20:14:45 2017,694119_Fm1-25up same Itm1+2 Ballot_F_Black.tif
Wed Sep 27 20:14:58 2017,694119_Fm2-3up same 3 panel Guide_B_Black.tif
Wed Sep 27 20:14:52 2017,694119_Fm2-3up same 3 panel Guide_F_Black.tif
Wed Sep 27 20:26:55 2017,692645_NO mail-Sg1-16pg_01-NO_mail_B_Black.tif
Wed Sep 27 20:26:09 2017,692645_NO mail-Sg1-16pg_01-NO_mail_F_Black.tif
Wed Sep 27 20:27:05 2017,692645_NO mail-Sg1-16pg_B_Cyan.tif
Wed Sep 27 20:27:15 2017,692645_NO mail-Sg1-16pg_B_Magenta.tif
Wed Sep 27 20:27:29 2017,692645_NO mail-Sg1-16pg_B_Varnish.tif
Wed Sep 27 20:27:25 2017,692645_NO mail-Sg1-16pg_B_Yellow.tif
Wed Sep 27 20:26:20 2017,692645_NO mail-Sg1-16pg_F_Cyan.tif
Wed Sep 27 20:26:30 2017,692645_NO mail-Sg1-16pg_F_Magenta.tif
Wed Sep 27 20:26:45 2017,692645_NO mail-Sg1-16pg_F_Varnish.tif
Wed Sep 27 20:26:40 2017,692645_NO mail-Sg1-16pg_F_Yellow.tif
Wed Sep 27 20:28:44 2017,692645_MAIL-Sg1-16pg_01-MAIL_B_Black.tif
Wed Sep 27 20:28:55 2017,692645_MAIL-Sg1-16pg_01-MAIL_B_Cyan.tif
Wed Sep 27 20:29:04 2017,692645_MAIL-Sg1-16pg_01-MAIL_B_Magenta.tif
Wed Sep 27 20:29:13 2017,692645_MAIL-Sg1-16pg_01-MAIL_B_Yellow.tif
Wed Sep 27 20:27:55 2017,692645_MAIL-Sg1-16pg_01-MAIL_F_Black.tif
Wed Sep 27 20:28:07 2017,692645_MAIL-Sg1-16pg_01-MAIL_F_Cyan.tif
Wed Sep 27 20:28:18 2017,692645_MAIL-Sg1-16pg_01-MAIL_F_Magenta.tif
Wed Sep 27 20:28:30 2017,692645_MAIL-Sg1-16pg_01-MAIL_F_Yellow.tif
Wed Sep 27 20:29:18 2017,692645_MAIL-Sg1-16pg_B_Varnish.tif
Wed Sep 27 20:28:35 2017,692645_MAIL-Sg1-16pg_F_Varnish.tif
Wed Sep 27 20:30:26 2017,692645_Sg2-16pg-common_01-MAIL_B_Black.tif
Wed Sep 27 20:30:35 2017,692645_Sg2-16pg-common_01-MAIL_B_Cyan.tif
Wed Sep 27 20:30:43 2017,692645_Sg2-16pg-common_01-MAIL_B_Magenta.tif
Wed Sep 27 20:30:52 2017,692645_Sg2-16pg-common_01-MAIL_B_Yellow.tif
Wed Sep 27 20:29:39 2017,692645_Sg2-16pg-common_01-MAIL_F_Black.tif
Wed Sep 27 20:29:50 2017,692645_Sg2-16pg-common_01-MAIL_F_Cyan.tif
Wed Sep 27 20:30:00 2017,692645_Sg2-16pg-common_01-MAIL_F_Magenta.tif
Wed Sep 27 20:30:11 2017,692645_Sg2-16pg-common_01-MAIL_F_Yellow.tif
Wed Sep 27 20:30:57 2017,692645_Sg2-16pg-common_B_Varnish.tif
Wed Sep 27 20:30:16 2017,692645_Sg2-16pg-common_F_Varnish.tif
Wed Sep 27 21:33:49 2017,692468_Cover_B_Black.tif
Wed Sep 27 21:33:55 2017,692468_Cover_B_Cyan.tif
Wed Sep 27 21:34:01 2017,692468_Cover_B_Magenta.tif
Wed Sep 27 21:34:07 2017,692468_Cover_B_Yellow.tif
Wed Sep 27 21:33:08 2017,692468_Cover_F_Black.tif
Wed Sep 27 21:33:18 2017,692468_Cover_F_Cyan.tif
Wed Sep 27 21:33:27 2017,692468_Cover_F_Magenta.tif
Wed Sep 27 21:33:41 2017,692468_Cover_F_Varnish.tif
Wed Sep 27 21:33:36 2017,692468_Cover_F_Yellow.tif
Wed Sep 27 22:41:58 2017,693005_Cover_B_Black.tif
Wed Sep 27 22:42:07 2017,693005_Cover_B_Cyan.tif
Wed Sep 27 22:42:17 2017,693005_Cover_B_Magenta.tif
Wed Sep 27 22:42:26 2017,693005_Cover_B_Yellow.tif
Wed Sep 27 22:41:13 2017,693005_Cover_F_Black.tif
Wed Sep 27 22:41:27 2017,693005_Cover_F_Cyan.tif
Wed Sep 27 22:41:38 2017,693005_Cover_F_Magenta.tif
Wed Sep 27 22:41:50 2017,693005_Cover_F_Yellow.tif
Thu Sep 28 00:05:16 2017,694275_Sg1_12pg-2up same _B_Black.tif
Thu Sep 28 00:05:11 2017,694275_Sg1_12pg-2up same _F_Black.tif
Thu Sep 28 00:11:37 2017,693811_Cover_B_Black.tif
Thu Sep 28 00:11:44 2017,693811_Cover_B_Cyan.tif
Thu Sep 28 00:11:51 2017,693811_Cover_B_Magenta.tif
Thu Sep 28 00:11:57 2017,693811_Cover_B_Yellow.tif
Thu Sep 28 00:10:59 2017,693811_Cover_F_Black.tif
Thu Sep 28 00:11:11 2017,693811_Cover_F_Cyan.tif
Thu Sep 28 00:11:20 2017,693811_Cover_F_Magenta.tif
Thu Sep 28 00:11:30 2017,693811_Cover_F_Yellow.tif
Thu Sep 28 06:43:28 2017,694149_2-up same CD Sleeve003_F_Black.tif
Thu Sep 28 06:43:32 2017,694149_2-up same CD Sleeve003_F_Cyan.tif
Thu Sep 28 06:43:37 2017,694149_2-up same CD Sleeve003_F_Magenta.tif
Thu Sep 28 06:43:42 2017,694149_2-up same CD Sleeve003_F_Yellow.tif
Thu Sep 28 07:37:56 2017,692980_Cover_F_Cyan.tif
Thu Sep 28 08:53:30 2017,692074_Cover_B_Black.tif
Thu Sep 28 08:53:38 2017,692074_Cover_B_Cyan.tif
Thu Sep 28 08:53:46 2017,692074_Cover_B_Magenta.tif
Thu Sep 28 08:53:55 2017,692074_Cover_B_Yellow.tif
Thu Sep 28 08:52:42 2017,692074_Cover_F_Black.tif
Thu Sep 28 08:52:56 2017,692074_Cover_F_Cyan.tif
Thu Sep 28 08:53:08 2017,692074_Cover_F_Magenta.tif
Thu Sep 28 08:53:21 2017,692074_Cover_F_Yellow.tif
Wed Sep  6 07:14:18 2017,2014 Coil Def. MR_01_2014 Coil Def. MR_01_FB 001_F_Black.tif
Wed Sep  6 07:14:36 2017,2014 Coil Def. MR_01_2014 Coil Def. MR_01_FB 001_F_Cyan.tif
Wed Sep  6 07:14:54 2017,2014 Coil Def. MR_01_2014 Coil Def. MR_01_FB 001_F_Magenta.tif
Wed Sep  6 07:28:05 2017,2014 Coil Def. MR_01_2014 Coil Def. MR_01_FB 001_F_PANTONE 280 C.tif
Wed Sep  6 07:15:11 2017,2014 Coil Def. MR_01_2014 Coil Def. MR_01_FB 001_F_PANTONE 485 C.tif
Wed Sep  6 07:46:01 2017,2014 Coil Def. MR_01_2014 Coil Def. MR_01_FB 001_F_PANTONE Cool Gray 10 C.tif
Tue Sep  5 10:58:31 2017,2014 Coil Def. MR_01_2014 Coil Def. MR_01_FB 001_F_Yellow.tif
Tue Sep  5 08:37:16 2017,2014 Definitive. Coil_Shtlt_MR_2014 Definitive. Coil_Shtlt_MR_001_001_F_Black.tif
Tue Sep  5 08:37:27 2017,2014 Definitive. Coil_Shtlt_MR_2014 Definitive. Coil_Shtlt_MR_001_001_F_Cyan.tif
Tue Sep  5 08:37:38 2017,2014 Definitive. Coil_Shtlt_MR_2014 Definitive. Coil_Shtlt_MR_001_001_F_Magenta.tif
Tue Sep  5 08:37:52 2017,2014 Definitive. Coil_Shtlt_MR_2014 Definitive. Coil_Shtlt_MR_001_001_F_PANTONE 341 C.tif
Tue Sep  5 08:37:49 2017,2014 Definitive. Coil_Shtlt_MR_2014 Definitive. Coil_Shtlt_MR_001_001_F_Yellow.tif
Thu Sep 14 07:47:40 2017,2014 Definitive. Coil_Shtlt_MR_2014 Definitive. Coil_Shtlt_MR_003_003_F_Black.tif
Thu Sep 14 07:47:47 2017,2014 Definitive. Coil_Shtlt_MR_2014 Definitive. Coil_Shtlt_MR_003_003_F_Cyan.tif
Thu Sep 14 07:47:54 2017,2014 Definitive. Coil_Shtlt_MR_2014 Definitive. Coil_Shtlt_MR_003_003_F_Magenta.tif
Wed Sep 13 11:05:20 2017,2014 Definitive. Coil_Shtlt_MR_2014 Definitive. Coil_Shtlt_MR_003_003_F_PANTONE 341 C.tif
Thu Sep 14 07:48:00 2017,2014 Definitive. Coil_Shtlt_MR_2014 Definitive. Coil_Shtlt_MR_003_003_F_Yellow.tif
Fri Sep  8 10:49:59 2017,2014 Definitive. Coil_Shtlt_MR_2014 Definitive. Coil_Shtlt_MR_004_004_F_Black.tif
Fri Sep  8 10:50:07 2017,2014 Definitive. Coil_Shtlt_MR_2014 Definitive. Coil_Shtlt_MR_004_004_F_Cyan.tif
Fri Sep  8 10:50:14 2017,2014 Definitive. Coil_Shtlt_MR_2014 Definitive. Coil_Shtlt_MR_004_004_F_Magenta.tif
Fri Sep  8 10:50:29 2017,2014 Definitive. Coil_Shtlt_MR_2014 Definitive. Coil_Shtlt_MR_004_004_F_PANTONE 341 C.tif
Fri Sep  8 10:50:20 2017,2014 Definitive. Coil_Shtlt_MR_2014 Definitive. Coil_Shtlt_MR_004_004_F_Yellow.tif
Wed Sep  6 10:56:39 2017,2014 Definitive. Coil_Shtlt_MR_2014 Definitive. Coil_Shtlt_MR_FB 001_F_Black.tif
Wed Sep  6 10:56:57 2017,2014 Definitive. Coil_Shtlt_MR_2014 Definitive. Coil_Shtlt_MR_FB 001_F_Cyan.tif
Wed Sep  6 10:57:14 2017,2014 Definitive. Coil_Shtlt_MR_2014 Definitive. Coil_Shtlt_MR_FB 001_F_Magenta.tif
Wed Sep  6 10:57:33 2017,2014 Definitive. Coil_Shtlt_MR_2014 Definitive. Coil_Shtlt_MR_FB 001_F_PANTONE 341 C.tif
Wed Sep  6 10:57:29 2017,2014 Definitive. Coil_Shtlt_MR_2014 Definitive. Coil_Shtlt_MR_FB 001_F_Yellow.tif
Wed Sep 20 11:59:46 2017,647388 Owl MR_003_003_F_Cyan.tif
Thu Sep 28 07:05:56 2017,692980_Cover_B_Black.tif
Thu Sep 28 07:06:26 2017,692980_Cover_B_Cyan.tif
Thu Sep 28 07:06:55 2017,692980_Cover_B_Magenta.tif
Thu Sep 28 07:07:23 2017,692980_Cover_B_Yellow.tif
Thu Sep 28 07:04:42 2017,692980_Cover_F_Black.tif
Thu Sep 28 07:05:01 2017,692980_Cover_F_Cyan.tif
Thu Sep 28 07:05:18 2017,692980_Cover_F_Magenta.tif
Thu Sep 28 07:05:38 2017,692980_Cover_F_Yellow.tif
Fri Sep 22 10:31:32 2017,Daves press forms_000_002_F_Cyan.tif
Wed Feb 12 07:25:56 2014,64-6884_64-6884_12-up Same_B_Black.tif
Wed Feb 12 07:25:52 2014,64-6884_64-6884_12-up Same_F_Black.tif
Tue Jan 31 07:09:52 2017,683525_21up same Insert_B_Black.tif
Tue Jan 31 07:09:46 2017,683525_21up same Insert_F_Black.tif
Tue Jan 31 05:59:36 2017,683526_21up same Insert_B_Black.tif
Tue Jan 31 05:59:32 2017,683526_21up same Insert_F_Black.tif
Tue Nov 22 05:26:26 2016,684031_12-up Same_B_Black.tif
Tue Nov 22 05:26:20 2016,684031_12-up Same_F_Black.tif
Mon Nov 21 04:13:12 2016,685315_12up same_B_Black.tif
Mon Nov 21 04:13:06 2016,685315_12up same_F_Black.tif
Fri Mar 17 04:51:46 2017,688488_Letter-4F+4B on_F_Black.tif
Fri Mar 17 04:51:49 2017,688488_Letter-4F+4B on_F_PANTONE 485 C.tif
Fri Mar 17 01:31:52 2017,688559_Sg2-16pg_B_Black.tif
Fri Mar 17 01:31:45 2017,688559_Sg2-16pg_F_Black.tif
Fri Mar 17 01:32:09 2017,688559_Sg3-16pg_B_Black.tif
Fri Mar 17 01:32:02 2017,688559_Sg3-16pg_F_Black.tif
Fri Mar 17 01:32:23 2017,688559_Sg4-16pg_B_Black.tif
Fri Mar 17 01:32:18 2017,688559_Sg4-16pg_F_Black.tif
Fri Mar 17 01:32:39 2017,688559_Sg5-16pg_B_Black.tif
Fri Mar 17 01:32:33 2017,688559_Sg5-16pg_F_Black.tif
Fri Mar 17 01:32:53 2017,688559_Sg6-16pg_B_Black.tif
Fri Mar 17 01:32:48 2017,688559_Sg6-16pg_F_Black.tif
Fri Mar 17 01:33:07 2017,688559_Sg7-16pg_B_Black.tif
Fri Mar 17 01:33:01 2017,688559_Sg7-16pg_F_Black.tif
Fri Mar 17 01:33:21 2017,688559_Sg8-16pg_B_Black.tif
Fri Mar 17 01:33:16 2017,688559_Sg8-16pg_F_Black.tif
Fri Mar 17 01:14:00 2017,688828_Sg1_12pg + Sg2_8pg_B_Black.tif
Fri Mar 17 01:13:57 2017,688828_Sg1_12pg + Sg2_8pg_F_Black.tif
Fri Mar 17 00:19:29 2017,688846_Master Tally-8up same_F_Black.tif
Sat Mar 18 00:23:34 2017,688857_40up same_F_Black.tif
Sat Mar 18 00:23:37 2017,688857_40up same_F_LM-321-13 IMT manila.tif
Tue Sep  5 16:26:12 2017,693513_Eng-Sg2+3_4pg PULL OUT form-2up ea._F_PANTONE 5535 C.tif
Tue Sep  5 16:26:15 2017,693513_Eng-Sg2+3_4pg PULL OUT form-2up ea._B_PANTONE 5535 C.tif
Mon Mar 20 09:11:40 2017,688728_1up env_B_Black.tif
Mon Mar 20 09:11:39 2017,688728_1up env_F_Black.tif
Mon Mar 20 14:11:26 2017,688728_C- 9x12_FB 001_F_Black.tif
Mon Mar 20 09:09:37 2017,688950_2up Perfect - Indicia_F_Black.tif
Mon Mar 20 09:09:40 2017,688950_2up Perfect - No Indicia_F_Black.tif
Tue Aug 22 06:52:21 2017,692987_BRE_F_Black.tif
Tue Aug 22 06:52:19 2017,692987_IRE_F_Black.tif
Wed Aug 23 13:41:11 2017,693013_FB 001_F_Black.tif
Thu Sep 14 18:46:37 2017,693694_#9 BRE_F_Black.tif
Thu Sep 14 18:46:59 2017,693694_#9 BRE_F_Black.tif
Fri Mar 17 08:23:00 2017,688772_FB 001_F_Black.tif
Fri Mar 17 08:23:01 2017,688772_FB 001_F_PANTONE 485 U.tif
Fri Mar 17 00:49:59 2017,688846_5.5x8.5 env OE_F_Black.tif
Fri Mar 17 00:49:44 2017,688846_9x12 env OE_F_PANTONE 485 C.tif
Fri Mar 17 00:49:46 2017,688846_9x12 env OE_F_PANTONE 7483 C.tif
Fri Sep 15 11:50:35 2017,693694_#9Env 3.875x8.875 on the PM 46_FB 001_F_Black.tif
Mon Jan  7 06:18:44 2013,63-0948_63-0948_15-up Same_B_Black.tif
Mon Jan  7 06:18:54 2013,63-0948_63-0948_15-up Same_B_Cyan.tif
Mon Jan  7 06:18:58 2013,63-0948_63-0948_15-up Same_B_Magenta.tif
Mon Jan  7 06:19:06 2013,63-0948_63-0948_15-up Same_B_Yellow.tif
Mon Jan  7 06:18:18 2013,63-0948_63-0948_15-up Same_F_Black.tif
Mon Jan  7 06:18:27 2013,63-0948_63-0948_15-up Same_F_Cyan.tif
Mon Jan  7 06:18:32 2013,63-0948_63-0948_15-up Same_F_Magenta.tif
Mon Jan  7 06:18:40 2013,63-0948_63-0948_15-up Same_F_Yellow.tif
Fri Aug 26 12:02:28 2016,682802_1-32pg 2-up + 1-12pg 2-up_B_Black.tif
Fri Aug 26 12:02:31 2016,682802_1-32pg 2-up + 1-12pg 2-up_B_Cyan.tif
Fri Aug 26 12:02:34 2016,682802_1-32pg 2-up + 1-12pg 2-up_B_Magenta.tif
Fri Aug 26 12:02:38 2016,682802_1-32pg 2-up + 1-12pg 2-up_B_Yellow.tif
Fri Aug 26 12:02:10 2016,682802_1-32pg 2-up + 1-12pg 2-up_F_Black.tif
Fri Aug 26 12:02:14 2016,682802_1-32pg 2-up + 1-12pg 2-up_F_Cyan.tif
Fri Aug 26 12:02:18 2016,682802_1-32pg 2-up + 1-12pg 2-up_F_Magenta.tif
Fri Aug 26 12:02:24 2016,682802_1-32pg 2-up + 1-12pg 2-up_F_Yellow.tif
Fri Aug 18 18:28:11 2017,693056_Sig.1 8pg_B_Black.tif
Fri Aug 18 18:28:17 2017,693056_Sig.1 8pg_B_Cyan.tif
Fri Aug 18 18:28:23 2017,693056_Sig.1 8pg_B_Magenta.tif
Fri Aug 18 18:31:56 2017,693056_Sig.1 8pg_B_Yellow.tif
Fri Aug 18 18:27:30 2017,693056_Sig.1 8pg_F_Black.tif
Fri Aug 18 18:27:42 2017,693056_Sig.1 8pg_F_Cyan.tif
Fri Aug 18 18:27:52 2017,693056_Sig.1 8pg_F_Magenta.tif
Fri Aug 18 18:28:02 2017,693056_Sig.1 8pg_F_Yellow.tif
Wed Sep 27 16:52:20 2017,Daves press forms_000_000_F_Black.tif
Wed Sep 27 17:13:42 2017,Daves press forms_000_000_F_Cyan.tif
Mon May  7 13:52:44 2012,KPTT_2400_175_8UP.tif
Thu Sep 28 09:34:05 2017,693306 Far Wide Essay_13up diff._F_Black.tif
Thu Sep 28 09:34:10 2017,693306 Far Wide Essay_13up diff._F_Cyan.tif
Thu Sep 28 09:34:16 2017,693306 Far Wide Essay_13up diff._F_Magenta.tif
Thu Sep 28 09:34:36 2017,693306 Far Wide Essay_13up diff._F_PANTONE 368 C.tif
Thu Sep 28 09:34:27 2017,693306 Far Wide Essay_13up diff._F_PANTONE 430 C.tif
Thu Sep 28 09:34:40 2017,693306 Far Wide Essay_13up diff._F_PANTONE 485 C.tif
Thu Sep 28 09:34:44 2017,693306 Far Wide Essay_13up diff._F_RED Tag.tif
Thu Sep 28 09:34:31 2017,693306 Far Wide Essay_13up diff._F_TAG.tif
Thu Sep 28 09:34:22 2017,693306 Far Wide Essay_13up diff._F_Yellow.tif
Thu Sep 28 10:53:33 2017,694341_1-up_F_Black.tif
Thu Sep 28 11:15:57 2017,694213_Sg4_16pg005_B_Black.tif
Thu Sep 28 11:15:51 2017,694213_Sg4_16pg005_F_Black.tif
Thu Sep 28 11:22:13 2017,692049_6up same_F_Black.tif
Thu Sep 28 11:22:22 2017,692049_6up same_F_Cyan.tif
Thu Sep 28 11:22:29 2017,692049_6up same_F_Magenta.tif
Thu Sep 28 11:22:34 2017,692049_6up same_F_Yellow.tif
Thu Sep 28 11:53:37 2017,694274_Sg1_12pg + Sg2_12pg_B_Black.tif
Thu Sep 28 11:53:31 2017,694274_Sg1_12pg + Sg2_12pg_F_Black.tif
Thu Sep 28 12:26:07 2017,694344_F-Form13-Sig1+2 12pg each_01-2F14-Wave2_1871-6468_B_Black.tif
Thu Sep 28 12:26:14 2017,694344_F-Form13-Sig1+2 12pg each_01-2F14-Wave2_1871-6468_B_Cyan.tif
Thu Sep 28 12:26:21 2017,694344_F-Form13-Sig1+2 12pg each_01-2F14-Wave2_1871-6468_B_Magenta.tif
Thu Sep 28 12:26:34 2017,694344_F-Form13-Sig1+2 12pg each_01-2F14-Wave2_1871-6468_B_Varnish.tif
Thu Sep 28 12:26:29 2017,694344_F-Form13-Sig1+2 12pg each_01-2F14-Wave2_1871-6468_B_Yellow.tif
Thu Sep 28 12:25:36 2017,694344_F-Form13-Sig1+2 12pg each_01-2F14-Wave2_1871-6468_F_Black.tif
Thu Sep 28 12:25:42 2017,694344_F-Form13-Sig1+2 12pg each_01-2F14-Wave2_1871-6468_F_Cyan.tif
Thu Sep 28 12:25:48 2017,694344_F-Form13-Sig1+2 12pg each_01-2F14-Wave2_1871-6468_F_Magenta.tif
Thu Sep 28 12:26:00 2017,694344_F-Form13-Sig1+2 12pg each_01-2F14-Wave2_1871-6468_F_Varnish.tif
Thu Sep 28 12:25:55 2017,694344_F-Form13-Sig1+2 12pg each_01-2F14-Wave2_1871-6468_F_Yellow.tif
Thu Sep 28 12:27:24 2017,694344_E-Form14-Sig1+2 12pg each_01-2E14-Wave2_1871-6468_B_Black.tif
Thu Sep 28 12:27:31 2017,694344_E-Form14-Sig1+2 12pg each_01-2E14-Wave2_1871-6468_B_Cyan.tif
Thu Sep 28 12:27:38 2017,694344_E-Form14-Sig1+2 12pg each_01-2E14-Wave2_1871-6468_B_Magenta.tif
Thu Sep 28 12:27:51 2017,694344_E-Form14-Sig1+2 12pg each_01-2E14-Wave2_1871-6468_B_Varnish.tif
Thu Sep 28 12:27:46 2017,694344_E-Form14-Sig1+2 12pg each_01-2E14-Wave2_1871-6468_B_Yellow.tif
Thu Sep 28 12:26:50 2017,694344_E-Form14-Sig1+2 12pg each_01-2E14-Wave2_1871-6468_F_Black.tif
Thu Sep 28 12:26:56 2017,694344_E-Form14-Sig1+2 12pg each_01-2E14-Wave2_1871-6468_F_Cyan.tif
Thu Sep 28 12:27:03 2017,694344_E-Form14-Sig1+2 12pg each_01-2E14-Wave2_1871-6468_F_Magenta.tif
Thu Sep 28 12:27:16 2017,694344_E-Form14-Sig1+2 12pg each_01-2E14-Wave2_1871-6468_F_Varnish.tif
Thu Sep 28 12:27:11 2017,694344_E-Form14-Sig1+2 12pg each_01-2E14-Wave2_1871-6468_F_Yellow.tif
Thu Sep 28 13:49:57 2017,694287_6up same_F_Black.tif
Thu Sep 28 13:50:10 2017,694287_6up same_F_Cyan.tif
Thu Sep 28 13:50:24 2017,694287_6up same_F_Magenta.tif
Thu Sep 28 13:50:38 2017,694287_6up same_F_Yellow.tif
Thu Sep 28 14:23:43 2017,694280_FB 001_F_Black.tif
Thu Sep 28 14:23:44 2017,694280_FB 001_F_PANTONE 485 U.tif
Thu Sep 28 14:27:21 2017,694324_6up same_F_Black.tif
Thu Sep 28 14:27:37 2017,694324_6up same_F_PANTONE 871 C-Support.tif
Thu Sep 28 14:27:26 2017,694324_6up same_F_PANTONE 871 C.tif
Thu Sep 28 14:27:30 2017,694324_6up same_F_Spot Varnish.tif
Thu Sep 28 15:55:34 2017,694094_FB 001_F_Black.tif
Thu Sep 28 15:55:35 2017,694094_FB 001_F_PANTONE 485 U.tif
Thu Sep 28 16:17:49 2017,694049_Supp Sg2 16pg_B_Black.tif
Thu Sep 28 16:17:44 2017,694049_Supp Sg2 16pg_F_Black.tif
Thu Sep 28 16:18:04 2017,694049_Supp Sg1 4pg_B_Black.tif
Thu Sep 28 16:17:59 2017,694049_Supp Sg1 4pg_F_Black.tif
Thu Sep 28 16:18:17 2017,694049_Supp Sg3 16pg_B_Black.tif
Thu Sep 28 16:18:12 2017,694049_Supp Sg3 16pg_F_Black.tif
Thu Sep 28 16:18:30 2017,694049_Supp Sg5 16pg_B_Black.tif
Thu Sep 28 16:18:25 2017,694049_Supp Sg5 16pg_F_Black.tif
Thu Sep 28 16:18:46 2017,694049_Supp Sg4 16pg_B_Black.tif
Thu Sep 28 16:18:40 2017,694049_Supp Sg4 16pg_F_Black.tif
Thu Sep 28 16:18:56 2017,694049_Supp 2frt+2bck Cover_F_Black.tif
Thu Sep 28 16:19:00 2017,694049_Supp 2frt+2bck Cover_F_PANTONE 2935 U.tif
Thu Sep 28 16:19:05 2017,694049_Supp 2frt+2bck Cover_F_PANTONE 108 U.tif
Thu Sep 28 16:19:12 2017,694049_Pro 2frt+2bck Cover_F_Black.tif
Thu Sep 28 16:19:17 2017,694049_Pro 2frt+2bck Cover_F_Cyan.tif
Thu Sep 28 16:19:22 2017,694049_Pro 2frt+2bck Cover_F_Magenta.tif
Thu Sep 28 16:19:26 2017,694049_Pro 2frt+2bck Cover_F_Yellow.tif
Thu Sep 28 16:20:22 2017,694049_Pro-Sg1 8pg_B_Black.tif
Thu Sep 28 16:20:27 2017,694049_Pro-Sg1 8pg_B_Cyan.tif
Thu Sep 28 16:20:32 2017,694049_Pro-Sg1 8pg_B_Magenta.tif
Thu Sep 28 16:19:50 2017,694049_Pro-Sg1 8pg_F_Black.tif
Thu Sep 28 16:19:56 2017,694049_Pro-Sg1 8pg_F_Cyan.tif
Thu Sep 28 16:20:06 2017,694049_Pro-Sg1 8pg_F_Magenta.tif
Thu Sep 28 16:20:12 2017,694049_Pro-Sg1 8pg_F_Yellow.tif
Thu Sep 28 16:21:12 2017,694049_Pro-Sg2 12pg_B_Black.tif
Thu Sep 28 16:21:19 2017,694049_Pro-Sg2 12pg_B_Cyan.tif
Thu Sep 28 16:21:27 2017,694049_Pro-Sg2 12pg_B_Magenta.tif
Thu Sep 28 16:21:33 2017,694049_Pro-Sg2 12pg_B_Yellow.tif
Thu Sep 28 16:20:42 2017,694049_Pro-Sg2 12pg_F_Black.tif
Thu Sep 28 16:20:49 2017,694049_Pro-Sg2 12pg_F_Cyan.tif
Thu Sep 28 16:20:57 2017,694049_Pro-Sg2 12pg_F_Magenta.tif
Thu Sep 28 16:21:04 2017,694049_Pro-Sg2 12pg_F_Yellow.tif
Thu Sep 28 16:22:13 2017,694049_Pro-Sg3 12pg_B_Black.tif
Thu Sep 28 16:22:20 2017,694049_Pro-Sg3 12pg_B_Cyan.tif
Thu Sep 28 16:22:27 2017,694049_Pro-Sg3 12pg_B_Magenta.tif
Thu Sep 28 16:22:33 2017,694049_Pro-Sg3 12pg_B_Yellow.tif
Thu Sep 28 16:21:42 2017,694049_Pro-Sg3 12pg_F_Black.tif
Thu Sep 28 16:21:50 2017,694049_Pro-Sg3 12pg_F_Cyan.tif
Thu Sep 28 16:21:58 2017,694049_Pro-Sg3 12pg_F_Magenta.tif
Thu Sep 28 16:22:05 2017,694049_Pro-Sg3 12pg_F_Yellow.tif
Thu Sep 28 17:48:35 2017,692994_V2-US+V3-Qweens Covers 2up each_B_Black.tif
Thu Sep 28 17:48:45 2017,692994_V2-US+V3-Qweens Covers 2up each_B_Cyan.tif
Thu Sep 28 17:48:55 2017,692994_V2-US+V3-Qweens Covers 2up each_B_Magenta.tif
Thu Sep 28 17:49:04 2017,692994_V2-US+V3-Qweens Covers 2up each_B_Yellow.tif
Thu Sep 28 17:48:01 2017,692994_V2-US+V3-Qweens Covers 2up each_F_Black.tif
Thu Sep 28 17:48:10 2017,692994_V2-US+V3-Qweens Covers 2up each_F_Cyan.tif
Thu Sep 28 17:48:18 2017,692994_V2-US+V3-Qweens Covers 2up each_F_Magenta.tif
Thu Sep 28 17:48:26 2017,692994_V2-US+V3-Qweens Covers 2up each_F_Yellow.tif
Thu Sep 28 17:50:09 2017,692994_V1-CAN Cover 4up same_B_Black.tif
Thu Sep 28 17:50:19 2017,692994_V1-CAN Cover 4up same_B_Cyan.tif
Thu Sep 28 17:50:29 2017,692994_V1-CAN Cover 4up same_B_Magenta.tif
Thu Sep 28 17:50:38 2017,692994_V1-CAN Cover 4up same_B_Yellow.tif
Thu Sep 28 17:49:31 2017,692994_V1-CAN Cover 4up same_F_Black.tif
Thu Sep 28 17:49:40 2017,692994_V1-CAN Cover 4up same_F_Cyan.tif
Thu Sep 28 17:49:49 2017,692994_V1-CAN Cover 4up same_F_Magenta.tif
Thu Sep 28 17:49:59 2017,692994_V1-CAN Cover 4up same_F_Yellow.tif
Thu Sep 28 21:10:51 2017,694318_8pg_F_Black.tif
Thu Sep 28 21:10:59 2017,694318_8pg_F_Cyan.tif
Thu Sep 28 21:11:06 2017,694318_8pg_F_Magenta.tif
Thu Sep 28 21:11:19 2017,694318_8pg_F_Varnish.tif
Thu Sep 28 21:11:14 2017,694318_8pg_F_Yellow.tif
Thu Sep 28 21:36:28 2017,693505_#10 Envelope_F_PANTONE 2758 U.tif
Thu Sep 28 21:37:10 2017,693505_Letter-4F+4B same_F_Black.tif
Thu Sep 28 21:37:15 2017,693505_Letter-4F+4B same_F_Cyan.tif
Thu Sep 28 21:37:19 2017,693505_Letter-4F+4B same_F_Magenta.tif
Thu Sep 28 21:37:24 2017,693505_Letter-4F+4B same_F_Yellow.tif
Thu Sep 28 22:45:31 2017,694139_6up Eng + 2up Fre_B_Black.tif
Thu Sep 28 22:45:39 2017,694139_6up Eng + 2up Fre_B_Cyan.tif
Thu Sep 28 22:45:47 2017,694139_6up Eng + 2up Fre_B_Magenta.tif
Thu Sep 28 22:45:55 2017,694139_6up Eng + 2up Fre_B_Yellow.tif
Thu Sep 28 22:44:59 2017,694139_6up Eng + 2up Fre_F_Black.tif
Thu Sep 28 22:45:08 2017,694139_6up Eng + 2up Fre_F_Cyan.tif
Thu Sep 28 22:45:16 2017,694139_6up Eng + 2up Fre_F_Magenta.tif
Thu Sep 28 22:45:24 2017,694139_6up Eng + 2up Fre_F_Yellow.tif
Thu Sep 28 23:47:33 2017,694362_4up same_B_Black.tif
Thu Sep 28 23:47:29 2017,694362_4up same_F_Black.tif
Fri Sep 29 00:26:21 2017,694322_1up kitfolder_F_Black.tif
Fri Sep 29 00:26:27 2017,694322_1up kitfolder_F_Cyan.tif
Fri Sep 29 00:26:34 2017,694322_1up kitfolder_F_Magenta.tif
Fri Sep 29 00:26:39 2017,694322_1up kitfolder_F_Yellow.tif
Fri Sep 29 00:30:07 2017,694137_4f + 4b same_F_Black.tif
Fri Sep 29 00:30:16 2017,694137_4f + 4b same_F_Cyan.tif
Fri Sep 29 00:30:25 2017,694137_4f + 4b same_F_Magenta.tif
Fri Sep 29 00:30:35 2017,694137_4f + 4b same_F_Yellow.tif
Fri Sep 29 00:31:17 2017,694137_4up same (new size)_B_Black.tif
Fri Sep 29 00:31:24 2017,694137_4up same (new size)_B_Cyan.tif
Fri Sep 29 00:31:31 2017,694137_4up same (new size)_B_Magenta.tif
Fri Sep 29 00:31:38 2017,694137_4up same (new size)_B_Yellow.tif
Fri Sep 29 00:30:46 2017,694137_4up same (new size)_F_Black.tif
Fri Sep 29 00:30:55 2017,694137_4up same (new size)_F_Cyan.tif
Fri Sep 29 00:31:03 2017,694137_4up same (new size)_F_Magenta.tif
Fri Sep 29 00:31:10 2017,694137_4up same (new size)_F_Yellow.tif
Fri Sep 29 06:49:25 2017,693925_1up Brochure_B_Black.tif
Fri Sep 29 06:49:34 2017,693925_1up Brochure_B_Cyan.tif
Fri Sep 29 06:49:42 2017,693925_1up Brochure_B_Magenta.tif
Fri Sep 29 06:49:49 2017,693925_1up Brochure_B_Yellow.tif
Fri Sep 29 06:48:48 2017,693925_1up Brochure_F_Black.tif
Fri Sep 29 06:48:58 2017,693925_1up Brochure_F_Cyan.tif
Fri Sep 29 06:49:07 2017,693925_1up Brochure_F_Magenta.tif
Fri Sep 29 06:49:17 2017,693925_1up Brochure_F_Yellow.tif
