Tue Jun 20 09:13:12 2017,691382_115.RoyalOttawa#10055_p1-2_150.HuntersPointe#10055_p1-2_539.CedarHill#20055_p1-2_568.Copetown#10055_p1-2_615.MarlwoodGolf#10055_p1-2_673.Hollinger#10055_p1-2_698.Dundee#10055_p1-2_715.Edmundston#10055_p1-2.pdf
Tue Jun 20 09:25:28 2017,687643_PL_687643.pdf
Tue Jun 20 09:26:26 2017,687651_PL_687651_A text 96pg.pdf
Tue Jun 20 09:25:39 2017,687651_PL_687651_B Cover .125 spine.pdf
Tue Jun 20 09:26:09 2017,687656_PL_687656.pdf
Tue Jun 20 09:34:19 2017,686750_PL_686750.pdf
Tue Jun 20 11:07:55 2017,691670_E592256--FoldOuts.pdf
Tue Jun 20 11:07:37 2017,691670_E592256-Main.pdf
Tue Jun 20 11:10:11 2017,691670_F592257-FouldOuts.pdf
Tue Jun 20 11:10:03 2017,691670_F592257-Main.pdf
Tue Jun 20 11:16:41 2017,691351_691351-PRAIRIE-EN_00_p1-16.pdf
Tue Jun 20 11:16:56 2017,691351_691351-PRAIRIE-FR_00_p1-16.pdf
Tue Jun 20 11:28:31 2017,686603_Proof.pdf
Tue Jun 20 11:35:50 2017,691673_PL_691673_A-Eng-56pg Pullout Booklet (ALL on 25x38).pdf
Tue Jun 20 11:36:29 2017,691673_PL_691673_B-Fre-56pg Pullout Booklet (ALL on 25x38).pdf
Tue Jun 20 12:09:50 2017,691680_691680_FB 001.pdf
Tue Jun 20 13:17:46 2017,691682_PL_691682.pdf
Tue Jun 20 13:42:02 2017,687100_687100-spn_00_p1.pdf
Tue Jun 20 17:02:50 2017,686603_PL_686603.pdf
Tue Jun 20 19:22:56 2017,691181_691181-Bind-In_00_p1-2.pdf
Tue Jun 20 19:23:21 2017,691181_691181-Wrap_00_p1-2.pdf
Tue Jun 20 19:31:24 2017,691181_691181-Mag_00_p1-100.pdf
Wed Jun 21 07:59:06 2017,691181_691181-Mag-p16_00_p1.pdf
Wed Jun 21 08:03:20 2017,691181_691181-Mag-p16_01_p1.pdf
Wed Jun 21 08:03:32 2017,691181_691181-Mag-p16_01_p1.pdf
Wed Jun 21 08:12:59 2017,691661_691661-KF_00_p1-2.pdf
Wed Jun 21 08:17:11 2017,691672_690681-Envelope_02_p1-3.pdf
Wed Jun 21 08:17:37 2017,691672_690681_Mailer_Eng_00_p1-2.pdf
Wed Jun 21 08:17:48 2017,691672_690681_Mailer_Fre_00_p1-2.pdf
Wed Jun 21 08:23:26 2017,691181_691181-Mag-p16_01_p1.pdf
Wed Jun 21 09:11:14 2017,691221_691221-EngNonOBNoIndicia_00_p1-2.pdf
Wed Jun 21 09:10:58 2017,691221_691221-EngNONOutbound_01_p1-2.pdf
Wed Jun 21 09:11:09 2017,691221_691221-EngOBNoIndicia_00_p1-2.pdf
Wed Jun 21 09:10:53 2017,691221_691221-EngOutbound_01_p1-2.pdf
Wed Jun 21 09:11:19 2017,691221_691221-FreNONOBNoIndicia_00_p1-2.pdf
Wed Jun 21 09:11:01 2017,691221_691221-FreNONOutbound_01_p1-2.pdf
Wed Jun 21 09:10:56 2017,691221_691221-FreOutbound_01_p1-2.pdf
Wed Jun 21 11:11:36 2017,691221_691221-EngNONOutbound_01_p1-2.pdf
Wed Jun 21 11:11:28 2017,691221_691221-EngOutbound_01_p1-2.pdf
Wed Jun 21 11:11:41 2017,691221_691221-FreNONOutbound_01_p1-2.pdf
Wed Jun 21 11:11:31 2017,691221_691221-FreOutbound_01_p1-2.pdf
Wed Jun 21 11:38:59 2017,690714_690714_Cover_1.pdf
Wed Jun 21 11:38:59 2017,690714_690714_Cover_2.pdf
Wed Jun 21 11:42:02 2017,690714_690714_Cover_1.pdf
Wed Jun 21 11:42:02 2017,690714_690714_Cover_2.pdf
Wed Jun 21 12:00:57 2017,690714_690714_Cover_1.pdf
Wed Jun 21 12:00:57 2017,690714_690714_Cover_2.pdf
Wed Jun 21 12:24:47 2017,"691035_691035-SpringSummer_00_p1-4,8-16,18-23_691035-03_01_p1_691035-04_01_p1_691035-05_01_p1_691035-15_01_p1.pdf"
Wed Jun 21 12:24:16 2017,691035_OBC_no_mail_p1.pdf
Wed Jun 21 12:38:45 2017,690714_690714_Cover_1.pdf
Wed Jun 21 12:38:45 2017,690714_690714_Cover_2.pdf
Wed Jun 21 13:00:19 2017,691610_691610_ENV_01_p1.pdf
Wed Jun 21 14:44:48 2017,687849_PL_687849.pdf
Wed Jun 21 15:19:35 2017,691672_691672-Envelope_00_p1-2.pdf
Wed Jun 21 15:50:04 2017,Parks Letter - Proof.pdf
Wed Jun 21 15:58:58 2017,"691677_628860_text_fre_01_p1,4,37-38,2-3,5-36.pdf"
Wed Jun 21 15:57:49 2017,691677_682860_cover_eng_01_p1-4.pdf
Wed Jun 21 15:58:35 2017,691677_682860_cover_fre_01_p1-4.pdf
Wed Jun 21 15:58:08 2017,"691677_682860_text_eng_01_p1,4,37-38,2-3,5-36.pdf"
Wed Jun 21 16:31:03 2017,687849_687849_ALTCover_01_p1-2.pdf
Wed Jun 21 16:56:08 2017,687849_687849_ALTCover_01_p1-2.pdf
Thu Jun 22 09:24:51 2017,687849-p24.pdf
Thu Jun 22 10:12:44 2017,686603_PL_686603.pdf
Thu Jun 22 10:12:44 2017,686603_Proof.pdf
Thu Jun 22 10:32:32 2017,691676_PD-PR-00611_Issue2_00.pdf
Thu Jun 22 10:43:38 2017,690871_690871_QUEBEC_01#31900_p1-2_690871_YUKON_01#510_p1-2.pdf
Thu Jun 22 10:43:38 2017,690871_revised.pdf
Thu Jun 22 12:22:02 2017,691181_PL_691181_A-100pg.pdf
Thu Jun 22 12:34:49 2017,691351_691351-WEST-EN_00_p1-20.pdf
Thu Jun 22 12:36:20 2017,691351_691351-WEST-FR_00_p1-20.pdf
Thu Jun 22 12:46:40 2017,691484-BRC-July_00.pdf
Thu Jun 22 12:46:42 2017,691484-BRC-Oct_00.pdf
Thu Jun 22 12:46:46 2017,691484-BRC-Sept_00.pdf
Thu Jun 22 13:02:19 2017,691727_Canada Day_00.pdf
Thu Jun 22 13:12:02 2017,691728.pdf
Thu Jun 22 13:56:16 2017,687655-1_OH_York_00.pdf
Thu Jun 22 14:20:11 2017,690871_QUEBEC_02#31900.pdf
Thu Jun 22 14:29:46 2017,691216_PL_691216.pdf
Thu Jun 22 14:30:36 2017,691216_Destination_Guide_00.pdf
Thu Jun 22 14:38:56 2017,691744_MD_Financial_buckslip_00.pdf
Thu Jun 22 15:49:51 2017,691676_PD-PR-00677_Issue 2.pdf
Thu Jun 22 16:04:35 2017,691671_Inside_Policy_00.pdf
Thu Jun 22 16:48:35 2017,691733-flyer_Proof.pdf
Thu Jun 22 19:51:23 2017,691391_691391_4up same Covers_1.pdf
Thu Jun 22 19:51:23 2017,691391_691391_4up same Covers_2.pdf
Thu Jun 22 19:51:34 2017,691391_PL_691391_Bind-in.pdf
Thu Jun 22 19:52:02 2017,691391_PL_691391_Text.pdf
Thu Jun 22 19:51:34 2017,691391_Bind-in.pdf
Thu Jun 22 19:51:23 2017,691391_Covers.pdf
Thu Jun 22 19:56:02 2017,691391_Text.pdf
Thu Jun 22 20:00:00 2017,691391_Text.pdf
Thu Jun 22 20:23:14 2017,691671_Inside_Policy_01.pdf
Fri Jun 23 10:11:24 2017,691365_PL_691365_A Map Jasper.pdf
Fri Jun 23 10:11:10 2017,691365_PL_691365_B Map Banff.pdf
Fri Jun 23 10:11:21 2017,691761-1_NordicSofa_00.pdf
Fri Jun 23 10:11:10 2017,691365_Banff.pdf
Fri Jun 23 10:11:24 2017,691365_Jasper.pdf
Fri Jun 23 10:21:48 2017,690898_PL_690898.pdf
Fri Jun 23 10:21:48 2017,690898.pdf
Fri Jun 23 10:37:51 2017,691762_691762-AAC_EN_00_p1.pdf
Fri Jun 23 10:37:56 2017,691762_691762-AAC_FR_00_p1.pdf
Fri Jun 23 10:37:59 2017,691762_691762-DC_EN_00_p1.pdf
Fri Jun 23 10:38:04 2017,691762_691762-DC_FR_00_p1.pdf
Fri Jun 23 10:40:53 2017,691763_More than a promise.pdf
Fri Jun 23 10:40:56 2017,691763_Ottawa.pdf
Fri Jun 23 10:47:13 2017,691758_PL_691758_A-Cover.pdf
Fri Jun 23 10:47:19 2017,691758_PL_691758_B-Text.pdf
Fri Jun 23 10:47:13 2017,691758_A-Cover.pdf
Fri Jun 23 10:47:19 2017,691758_B-Text.pdf
Fri Jun 23 10:57:11 2017,690714_690714_Cover_1.pdf
Fri Jun 23 10:58:39 2017,690714_690714_Cover_1.pdf
Fri Jun 23 10:58:39 2017,690714_690714_Cover_2.pdf
Fri Jun 23 10:57:11 2017,690714_Cover.pdf
Fri Jun 23 11:03:15 2017,691759-Env_00.pdf
Fri Jun 23 11:03:12 2017,691759-LH_00.pdf
Fri Jun 23 11:08:49 2017,690714_Cover.pdf
Fri Jun 23 11:15:52 2017,691417_691417_Eng_text_00_p3.pdf
Fri Jun 23 12:12:34 2017,687660_rev.pdf
Fri Jun 23 12:55:51 2017,691216_691216_p03_01_p1.pdf
Fri Jun 23 12:55:51 2017,691216_691216_p04_01_p1.pdf
Fri Jun 23 12:55:56 2017,691216_691216_p21_01_p1.pdf
Fri Jun 23 12:55:55 2017,691216_691216_p25_02_p1.pdf
Fri Jun 23 12:55:58 2017,691216_691216_p34_01_p1.pdf
Fri Jun 23 12:56:03 2017,691216_691216_p50_02_p1.pdf
Fri Jun 23 12:55:51 2017,691216_p03_01.pdf
Fri Jun 23 12:55:51 2017,691216_p04_01.pdf
Fri Jun 23 12:55:56 2017,691216_p21_01.pdf
Fri Jun 23 12:55:55 2017,691216_p25_02.pdf
Fri Jun 23 12:55:58 2017,691216_p34_01.pdf
Fri Jun 23 12:56:03 2017,691216_p50_02.pdf
Fri Jun 23 13:24:10 2017,691226_p04_01.pdf
Fri Jun 23 13:24:13 2017,691226_p10_01.pdf
Fri Jun 23 13:24:15 2017,691226_p38_01.pdf
Fri Jun 23 13:31:15 2017,691216_p01_01.pdf
Fri Jun 23 13:46:52 2017,687655_p 45_01.pdf
Fri Jun 23 13:46:55 2017,687655_p 71_01.pdf
Fri Jun 23 14:02:29 2017,691766_691766-ENV_00_p1.pdf
Fri Jun 23 14:05:26 2017,685649_p40_01.pdf
Fri Jun 23 14:05:23 2017,685649_p4_02.pdf
Fri Jun 23 14:05:33 2017,685649_pIBC_01.pdf
Fri Jun 23 14:13:35 2017,691766_691766-ENV_00_p1.pdf
Fri Jun 23 15:08:05 2017,690898_690898_p18_01_p1.pdf
Fri Jun 23 15:08:07 2017,690898_690898_p32_01_p1.pdf
Fri Jun 23 15:08:10 2017,690898_690898_p33_01_p1.pdf
Fri Jun 23 15:08:13 2017,690898_690898_p62_01_p1.pdf
Fri Jun 23 15:08:05 2017,690898_p18_01.pdf
Fri Jun 23 15:08:07 2017,690898_p32_01.pdf
Fri Jun 23 15:08:10 2017,690898_p33_01.pdf
Fri Jun 23 15:08:13 2017,690898_p62_01.pdf
Fri Jun 23 15:17:36 2017,691761_PL_691761.pdf
Fri Jun 23 15:21:54 2017,691761_PL_691761.pdf
Fri Jun 23 15:21:54 2017,691761_Proof.pdf
Fri Jun 23 15:49:22 2017,685649_685649_p4_02_p1.pdf
Fri Jun 23 16:44:28 2017,691351_691351_North_Eng_00_p1-24.pdf
Fri Jun 23 16:44:40 2017,691351_691351_North_Fre_00_p1-24.pdf
Fri Jun 23 16:47:28 2017,691351_North_Eng_00.pdf
Fri Jun 23 16:48:23 2017,691351_North_Fre_00.pdf
Mon Jun 26 12:59:53 2017,690845_PL_690845.pdf
Mon Jun 26 14:03:37 2017,691226_PL_691226_A 96pg Text_A 96pg Text.pdf
Mon Jun 26 14:05:42 2017,691226_PL_691226_A 96pg Text_A 96pg Text.pdf
Mon Jun 26 14:06:52 2017,691351_North_Fre.pdf
Mon Jun 26 14:12:33 2017,691226_691226-txt-ABM-p04_02_p1.pdf
Mon Jun 26 14:53:48 2017,691738_PL_691738.pdf
Mon Jun 26 14:52:11 2017,691782_Proof.pdf
Mon Jun 26 14:54:51 2017,691751_PL_691751.pdf
Mon Jun 26 15:21:52 2017,691785_Proof.pdf
Mon Jun 26 15:32:15 2017,690792_PL_690792_A 16pg Tabloid.pdf
Mon Jun 26 15:53:28 2017,690792_690792-newslttr_00_p1-4.pdf
Mon Jun 26 15:49:46 2017,691785_Proof.pdf
Mon Jun 26 16:47:49 2017,687660_PL_687660_80pg text.pdf
Mon Jun 26 16:46:30 2017,687660_PL_687660_Cover.pdf
Mon Jun 26 19:45:58 2017,691351_691351-PRAIRIE-EN_00_p1-16.pdf
Mon Jun 26 19:46:13 2017,691351_691351-PRAIRIE-FR_00_p1-16.pdf
Mon Jun 26 19:46:49 2017,691351_691351-WEST-EN_00_p1-20.pdf
Mon Jun 26 19:47:12 2017,691351_691351-WEST-FR_00_p1-20.pdf
Mon Jun 26 19:48:31 2017,691351_691351_North_Eng_00_p1-24.pdf
Mon Jun 26 19:48:50 2017,691351_691351_North_Fre_01_p1-24.pdf
Tue Jun 27 07:31:27 2017,687655_PL_687655.pdf
Tue Jun 27 07:30:03 2017,687660_PL_687660_80pg text.pdf
Tue Jun 27 07:30:03 2017,687660_PL_687660_Cover.pdf
Tue Jun 27 08:23:42 2017,691391_PL_691391_Text.pdf
Tue Jun 27 08:27:38 2017,691391_PL_691391_Text.pdf
Tue Jun 27 09:47:17 2017,691391_PL_691391_Text.pdf
Tue Jun 27 10:23:02 2017,690643_690643-card_00_p1-2.pdf
Tue Jun 27 10:27:47 2017,691812_691812_Poster_00_p1.pdf
Tue Jun 27 10:28:01 2017,691812_691812_Poster_00_p1.pdf
Tue Jun 27 10:47:13 2017,691767_PL_691767.pdf
Tue Jun 27 12:14:32 2017,687323_687323_Cover_1.pdf
Tue Jun 27 12:14:33 2017,687323_687323_Cover_2.pdf
Tue Jun 27 12:19:57 2017,687323_687323_Cover_1.pdf
Tue Jun 27 12:19:57 2017,687323_687323_Cover_2.pdf
Wed Jun 28 06:56:53 2017,691848_1665_01_01_p1-2.pdf
Wed Jun 28 09:34:42 2017,691781_691781_Cover_1.pdf
Wed Jun 28 09:34:42 2017,691781_691781_Cover_2.pdf
Wed Jun 28 09:34:49 2017,691781_PL_691781_A-Text.pdf
Wed Jun 28 09:43:33 2017,691505_691505-Magazine_00_p3.pdf
Wed Jun 28 09:34:42 2017,691781_Cover.pdf
Wed Jun 28 09:34:49 2017,691781_Text.pdf
Wed Jun 28 10:03:27 2017,691843_Proof.pdf
Wed Jun 28 10:10:29 2017,691760_691760-pg3_00_p1.pdf
Wed Jun 28 10:10:29 2017,691760-pg3_00_p1.pdf
Wed Jun 28 10:30:17 2017,690659_PL_690659.pdf
Wed Jun 28 11:35:39 2017,691858_PL_691858.pdf
Wed Jun 28 11:47:20 2017,690871_690871_YUKON_01#510_p1-2.pdf
Wed Jun 28 13:01:08 2017,691505_691505-Magazine_00_p3.pdf
Wed Jun 28 13:02:14 2017,691505_691505-Magazine_00_p1-32.pdf
Wed Jun 28 13:07:10 2017,689596_689596-ML17-1_00_p1.pdf
Wed Jun 28 13:07:18 2017,689596_689596-ML17-7_00_p1.pdf
Wed Jun 28 13:07:20 2017,689596_689596-ML17-8_00_p1.pdf
Wed Jun 28 13:07:02 2017,689596_689596_ND17-AUG_00_p1.pdf
Wed Jun 28 13:06:40 2017,689596_689596_ND17-July-4-4_00_p1-2.pdf
Wed Jun 28 13:06:51 2017,689596_689596_ND17-July_00_p1.pdf
Wed Jun 28 13:07:10 2017,689596-ML17-1.pdf
Wed Jun 28 13:07:18 2017,689596-ML17-7.pdf
Wed Jun 28 13:07:20 2017,689596-ML17-8.pdf
Wed Jun 28 13:07:02 2017,689596_ND17-AUG.pdf
Wed Jun 28 13:06:40 2017,689596_ND17-July-4-4.pdf
Wed Jun 28 13:06:51 2017,689596_ND17-July.pdf
Wed Jun 28 14:04:21 2017,691484_A July BRC.pdf
Wed Jun 28 14:04:23 2017,691484_B Sept. BRC.pdf
Wed Jun 28 14:04:26 2017,691484_C Oct. BRC.pdf
Wed Jun 28 14:30:45 2017,689886_689886-Text-p74_01_p1.pdf
Wed Jun 28 14:31:22 2017,689886_689886_Cover_1.pdf
Wed Jun 28 14:31:22 2017,689886_689886_Cover_2.pdf
Wed Jun 28 14:30:05 2017,689886_PL_689886_A 108pg Text.pdf
Wed Jun 28 14:30:45 2017,689886-Text-p74.pdf
Wed Jun 28 14:31:22 2017,689886_Cover.pdf
Wed Jun 28 14:34:28 2017,689886_Text.pdf
Wed Jun 28 15:43:29 2017,691880-cover.pdf
Wed Jun 28 15:42:28 2017,691880-txt_00_p1-72.pdf
Wed Jun 28 16:06:38 2017,687658_PL_687658.pdf
Wed Jun 28 16:12:02 2017,691791_Proof.pdf
Wed Jun 28 16:36:49 2017,687323_PL_687323_88pg text.pdf
Thu Jun 29 10:22:28 2017,687323_PL_687323_88pg text.pdf
Thu Jun 29 10:25:47 2017,687323_text.pdf
Thu Jun 29 10:40:21 2017,691889_Env_00.pdf
Thu Jun 29 12:16:23 2017,687658_Windsor_p59_01.pdf
Thu Jun 29 12:27:50 2017,679481-sleeve_01.pdf
Thu Jun 29 12:45:29 2017,687658_PL_687658.pdf
Thu Jun 29 13:05:36 2017,687658_687658_Windsor_00_p16.pdf
Thu Jun 29 14:35:45 2017,689923_689923-20_01_p1_689923-45_01_p1.pdf
Thu Jun 29 14:35:45 2017,689923_rev.pdf
Thu Jun 29 15:15:31 2017,691895_PL_691895_1-T1-2-WC.pdf
Thu Jun 29 15:15:34 2017,691895_PL_691895_10-T3-4-East-NC.pdf
Thu Jun 29 15:15:37 2017,691895_PL_691895_2-T3-West-WC.pdf
Thu Jun 29 15:16:12 2017,691895_PL_691895_3-T3-4-East-WC.pdf
Thu Jun 29 15:15:40 2017,691895_PL_691895_4-HVYT1-WC.pdf
Thu Jun 29 15:15:37 2017,691895_PL_691895_5-HVYT4-WC.pdf
Thu Jun 29 15:15:43 2017,691895_PL_691895_6-T1-2-NC.pdf
Thu Jun 29 15:15:39 2017,691895_PL_691895_8-T4-West-WC.pdf
Thu Jun 29 15:16:24 2017,691895_PL_691895_2-T3-West-WC.pdf
Thu Jun 29 15:17:00 2017,691895_PL_691895_4-HVYT1-WC.pdf
Thu Jun 29 15:16:48 2017,691895_PL_691895_5-HVYT4-WC.pdf
Thu Jun 29 15:17:37 2017,691895_PL_691895_6-T1-2-NC.pdf
Thu Jun 29 15:17:29 2017,691895_PL_691895_8-T4-West-WC.pdf
Thu Jun 29 15:18:06 2017,687658_PL_6876582.pdf
Thu Jun 29 15:59:25 2017,687658_687658_Windsor_p16_01_p1.pdf
Thu Jun 29 16:03:37 2017,691905.pdf
Thu Jun 29 16:09:31 2017,687658_PL_687658.pdf
Thu Jun 29 16:24:58 2017,687658_PL_687658.pdf
Thu Jun 29 16:27:25 2017,687658_PL_687658.pdf
Thu Jun 29 16:46:07 2017,691905_691905-NAC_00_p7.pdf
Thu Jun 29 17:21:17 2017,691897_691897_Eng_20_01_p1.pdf
Thu Jun 29 17:21:19 2017,691897_691897_Fre_20_01_p1.pdf
Thu Jun 29 17:21:17 2017,691897_Eng_20_01.pdf
Thu Jun 29 17:21:19 2017,691897_Fre_20_01.pdf
Thu Jun 29 16:27:25 2017,687658_Proof.pdf
Thu Jun 29 17:38:49 2017,687658_16.pdf
Thu Jun 29 17:39:13 2017,687658_34.pdf
Thu Jun 29 17:41:14 2017,687658_atestxx.pdf
Thu Jun 29 19:06:04 2017,691349_Green_00_p1-2.pdf
Thu Jun 29 19:06:07 2017,691349_Mauve_00_p1-2.pdf
Thu Jun 29 19:06:10 2017,691349_Pink_00_p1-2.pdf
Thu Jun 29 19:10:07 2017,691349_Green_00.pdf
Thu Jun 29 19:09:27 2017,691349_Mauve_00.pdf
Thu Jun 29 19:09:42 2017,691349_Pink_00.pdf
Thu Jun 29 19:42:12 2017,691859_691859_EastWest_EN_p1-2.pdf
Thu Jun 29 19:42:15 2017,691859_691859_ON_EN_p1-2.pdf
Thu Jun 29 19:42:19 2017,691859_691859_QC_FR_p1-2.pdf
Thu Jun 29 19:42:23 2017,691859_691859_Test_ON_EN_p1-2.pdf
Thu Jun 29 19:46:54 2017,691859_EastWest_00.pdf
Thu Jun 29 19:47:10 2017,691859_ON_00.pdf
Thu Jun 29 19:47:23 2017,691859_QC_00.pdf
Thu Jun 29 19:46:09 2017,691859_Test_ON_00.pdf
Thu Jun 29 20:51:33 2017,691419_691419-EN-BASE_00_p24.pdf
Thu Jun 29 20:51:46 2017,691419_691419-FR-BASE_00_p24.pdf
Thu Jun 29 20:52:12 2017,691527_691527-Eng_00_p1.pdf
Thu Jun 29 20:52:14 2017,691527_691527-Fre_00_p1.pdf
Thu Jun 29 20:49:43 2017,691880_691880-txt_00_p5.pdf
Thu Jun 29 20:52:48 2017,691897_691897_Eng_20_01_p1.pdf
Thu Jun 29 20:52:55 2017,691897_691897_Fre_20_01_p1.pdf
Fri Jun 30 08:24:56 2017,691545_691545-No10env-9up_p1.pdf
Fri Jun 30 08:35:11 2017,691868_English Letter_p1_French Letter_p1.pdf
Fri Jun 30 08:47:41 2017,Mica_687658_OH_WINDSOR_Sum17_p1-64.pdf
Fri Jun 30 08:50:09 2017,Mica_687658_OH_WINDSOR_Sum17_p1-64.pdf
Fri Jun 30 08:54:32 2017,Mica_687658_OH_WINDSOR_Sum17_p1-64.pdf
Fri Jun 30 09:22:17 2017,Mica_687658-test_p1-64.pdf
Fri Jun 30 09:49:16 2017,691545_691545-No10env-9up_p1.pdf
Fri Jun 30 10:12:43 2017,691859_ON_EN_01.pdf
Fri Jun 30 11:04:43 2017,691859_691859_ON_EN_01_p1-2.pdf
Fri Jun 30 11:05:40 2017,691859_ON_EN_02.pdf
Fri Jun 30 11:14:46 2017,691545_691545-No10env-9up_p1.pdf
Fri Jun 30 11:24:48 2017,691911-env_00.pdf
Fri Jun 30 11:31:10 2017,690663.pdf
Fri Jun 30 11:30:49 2017,691909_Proof.pdf
Fri Jun 30 11:32:54 2017,691911-env_00.pdf
Fri Jun 30 12:50:30 2017,690919_690919-1_00_p1-16.pdf
Fri Jun 30 12:56:16 2017,690919-1_Guide_00.pdf
Fri Jun 30 13:05:08 2017,691502_691502-BusinessTravel_E_00_p1-68.pdf
Fri Jun 30 13:03:24 2017,691527_PL_691527.pdf
Fri Jun 30 13:05:08 2017,691502-BusinessTravel_E_00.pdf
Fri Jun 30 13:03:24 2017,691527.pdf
Fri Jun 30 14:19:06 2017,691349_Orange_00.pdf
Fri Jun 30 14:19:14 2017,691349_Violet_00.pdf
Fri Jun 30 15:29:21 2017,691565_PL_691565.pdf
Fri Jun 30 15:29:21 2017,691565.pdf
Fri Jun 30 15:47:09 2017,691932.pdf
Fri Jun 30 16:15:47 2017,691687-Business_00.pdf
Fri Jun 30 16:15:50 2017,691687-Customer_00.pdf
Fri Jun 30 17:45:58 2017,691918_691918-NAC_00_p20.pdf
Fri Jun 30 17:47:59 2017,691850_Cover MSRP_00.pdf
Fri Jun 30 17:48:04 2017,691850_Cover NO MSRP_00.pdf
Fri Jun 30 17:50:49 2017,691850_Text MSRP_00.pdf
Fri Jun 30 17:51:10 2017,691850_Text NO MSRP_00.pdf
Tue Jul  4 07:51:08 2017,691932_682718_01_p2-1.pdf
Tue Jul  4 12:35:08 2017,691897_PL_691897_A-Eng NEWS.pdf
Tue Jul  4 12:35:20 2017,691897_PL_691897_B-Fre NEWS.pdf
Tue Jul  4 14:59:36 2017,"691939_686603-Exchange_00_p1-2,31_691939-new32_00_p1.pdf"
Tue Jul  4 16:10:30 2017,691938_Proof.pdf
Tue Jul  4 16:28:21 2017,691349_PL_691349_Green%3A 2pg-6on 12x6 H5.pdf
Tue Jul  4 16:28:25 2017,691349_PL_691349_Mauve%3A 2pg-6on 12x6 H5.pdf
Tue Jul  4 16:28:29 2017,691349_PL_691349_Orange%3A 2pg-6on 12x6 H5.pdf
Tue Jul  4 16:28:37 2017,691349_PL_691349_Pink%3A 2pg-6on 12x6 H5.pdf
Tue Jul  4 16:28:44 2017,691349_PL_691349_Violet%3A 2pg-6on 12x6 H5.pdf
Tue Jul  4 16:28:37 2017,691349_PL_691349_Pink.pdf
Tue Jul  4 16:28:44 2017,691349_PL_691349_Violet.pdf
Tue Jul  4 16:28:21 2017,691349_PL_691349_Green.pdf
Tue Jul  4 16:28:25 2017,691349_PL_691349_Mauve.pdf
Tue Jul  4 16:28:29 2017,691349_PL_691349_Orange.pdf
Tue Jul  4 17:26:15 2017,691859_PL_691859_EastWest_EN version.pdf
Tue Jul  4 17:26:30 2017,691859_PL_691859_QC_FR version.pdf
Tue Jul  4 17:26:38 2017,691859_PL_691859_TEST_ON_EN version.pdf
Wed Jul  5 07:29:42 2017,691937_683087-English_00_p1-16.pdf
Wed Jul  5 07:31:23 2017,691937_683087-English_00_p1-16.pdf
Wed Jul  5 09:29:02 2017,687103_PL_687103_A 52pg text.pdf
Wed Jul  5 09:29:04 2017,687103_PL_687103_B Cover.pdf
Wed Jul  5 09:29:04 2017,687103 Cover.pdf
Wed Jul  5 09:31:12 2017,687103 text.pdf
Wed Jul  5 09:53:55 2017,691969-Flyer.pdf
Wed Jul  5 10:50:33 2017,691948_Proof.pdf
Wed Jul  5 10:51:31 2017,691948_Proof.pdf
Wed Jul  5 11:48:31 2017,691419_PL_691419 FRE_F-Common.pdf
Wed Jul  5 11:56:14 2017,691419_691419 ENG-E01-3288.pdf
Wed Jul  5 11:56:13 2017,691419_691419 ENG-E02-Racicot_2162.pdf
Wed Jul  5 11:56:13 2017,691419_691419 ENG-E06-Langlois_4446.pdf
Wed Jul  5 11:56:43 2017,691419_691419 ENG-E03-Nieto_2164.pdf
Wed Jul  5 11:56:28 2017,691419_691419 ENG-E04-Jean_2165.pdf
Wed Jul  5 11:56:58 2017,691419_691419 ENG-E05-Hamel_4446.pdf
Wed Jul  5 11:56:59 2017,691419_691419 ENG-E07-Pare_2163.pdf
Wed Jul  5 11:56:43 2017,691419_691419 ENG-E08-Amrani_2161.pdf
Wed Jul  5 11:56:58 2017,691419_691419 ENG-E09-Janmohamed_2166.pdf
Wed Jul  5 11:56:29 2017,691419_691419 ENG-E10-Emami_1898.pdf
Wed Jul  5 11:57:13 2017,691419_691419 ENG-E11-Genest_8488.pdf
Wed Jul  5 11:56:44 2017,691419_691419 ENG-E12-Deguire_6741.pdf
Wed Jul  5 11:57:13 2017,691419_691419 ENG-E13-Serre_6737.pdf
Wed Jul  5 11:56:29 2017,691419_691419 ENG-E14-Wave2_1871-6468.pdf
Wed Jul  5 12:00:08 2017,691419_691419 FRE-F01-3288.pdf
Wed Jul  5 12:00:07 2017,691419_691419 FRE-F02-Racicot_2162.pdf
Wed Jul  5 12:00:34 2017,691419_691419 FRE-F03-Nieto_2164.pdf
Wed Jul  5 12:00:21 2017,691419_691419 FRE-F04-Jean_2165.pdf
Wed Jul  5 12:00:47 2017,691419_691419 FRE-F05-Hamel_4446.pdf
Wed Jul  5 12:00:07 2017,691419_691419 FRE-F06-Langlois_4446.pdf
Wed Jul  5 12:00:48 2017,691419_691419 FRE-F07-Pare_2163.pdf
Wed Jul  5 12:00:34 2017,691419_691419 FRE-F08-Amrani_2161.pdf
Wed Jul  5 12:00:47 2017,691419_691419 FRE-F10-Emami_1898.pdf
Wed Jul  5 12:00:21 2017,691419_691419 FRE-F11-Genest_8488.pdf
Wed Jul  5 12:01:00 2017,691419_691419 FRE-F12-Deguire_6741.pdf
Wed Jul  5 12:00:35 2017,691419_691419 FRE-F13-Serre_6737.pdf
Wed Jul  5 12:00:21 2017,691419_691419 FRE-F14-Wave2_1871-6468.pdf
Wed Jul  5 12:16:36 2017,691918_Proof.pdf
Wed Jul  5 12:42:31 2017,691171_691171_Press Sheet 001-001.pdf
Wed Jul  5 12:42:39 2017,691171_691171_Press Sheet 002-002.pdf
Wed Jul  5 12:42:47 2017,691171_691171_Press Sheet 003-003.pdf
Wed Jul  5 12:42:54 2017,691171_691171_Press Sheet 004-004.pdf
Wed Jul  5 12:43:02 2017,691171_691171_Press Sheet 005-005.pdf
Wed Jul  5 12:43:11 2017,691171_691171_Press Sheet 006-006.pdf
Wed Jul  5 12:43:18 2017,691171_691171_Press Sheet 007-007.pdf
Wed Jul  5 12:43:26 2017,691171_691171_Press Sheet 008-008.pdf
Wed Jul  5 12:43:34 2017,691171_691171_Press Sheet 009-009.pdf
Wed Jul  5 12:43:42 2017,691171_691171_Press Sheet 010-010.pdf
Wed Jul  5 12:42:32 2017,691171_691171_Press Sheet 011-011.pdf
Wed Jul  5 12:42:40 2017,691171_691171_Press Sheet 012-012.pdf
Wed Jul  5 12:42:47 2017,691171_691171_Press Sheet 013-013.pdf
Wed Jul  5 12:42:55 2017,691171_691171_Press Sheet 014-014.pdf
Wed Jul  5 12:43:03 2017,691171_691171_Press Sheet 015-015.pdf
Wed Jul  5 12:43:11 2017,691171_691171_Press Sheet 016-016.pdf
Wed Jul  5 12:43:19 2017,691171_691171_Press Sheet 017-017.pdf
Wed Jul  5 12:43:27 2017,691171_691171_Press Sheet 018-018.pdf
Wed Jul  5 12:43:35 2017,691171_691171_Press Sheet 019-019.pdf
Wed Jul  5 12:43:42 2017,691171_691171_Press Sheet 020-020.pdf
Wed Jul  5 12:42:32 2017,691171_691171_Press Sheet 021-021.pdf
Wed Jul  5 12:42:40 2017,691171_691171_Press Sheet 022-022.pdf
Wed Jul  5 12:42:48 2017,691171_691171_Press Sheet 023-023.pdf
Wed Jul  5 12:42:56 2017,691171_691171_Press Sheet 024-024.pdf
Wed Jul  5 12:43:03 2017,691171_691171_Press Sheet 025-025.pdf
Wed Jul  5 12:43:11 2017,691171_691171_Press Sheet 026-026.pdf
Wed Jul  5 12:43:19 2017,691171_691171_Press Sheet 027-027.pdf
Wed Jul  5 12:43:27 2017,691171_691171_Press Sheet 028-028.pdf
Wed Jul  5 12:43:34 2017,691171_691171_Press Sheet 029-029.pdf
Wed Jul  5 12:43:42 2017,691171_691171_Press Sheet 030-030.pdf
Wed Jul  5 12:43:54 2017,691171_691171_Press Sheet 031-031.pdf
Wed Jul  5 12:44:02 2017,691171_691171_Press Sheet 032-032.pdf
Wed Jul  5 12:44:09 2017,691171_691171_Press Sheet 033-033.pdf
Wed Jul  5 12:44:17 2017,691171_691171_Press Sheet 034-034.pdf
Wed Jul  5 12:44:25 2017,691171_691171_Press Sheet 035-035.pdf
Wed Jul  5 12:44:33 2017,691171_691171_Press Sheet 036-036.pdf
Wed Jul  5 12:44:41 2017,691171_691171_Press Sheet 037-037.pdf
Wed Jul  5 12:44:48 2017,691171_691171_Press Sheet 038-038.pdf
Wed Jul  5 12:44:56 2017,691171_691171_Press Sheet 039-039.pdf
Wed Jul  5 12:45:04 2017,691171_691171_Press Sheet 040-040.pdf
Wed Jul  5 12:43:52 2017,691171_691171_Press Sheet 041-041.pdf
Wed Jul  5 12:43:59 2017,691171_691171_Press Sheet 042-042.pdf
Wed Jul  5 12:44:07 2017,691171_691171_Press Sheet 043-043.pdf
Wed Jul  5 12:44:15 2017,691171_691171_Press Sheet 044-044.pdf
Wed Jul  5 12:44:23 2017,691171_691171_Press Sheet 045-045.pdf
Wed Jul  5 12:44:31 2017,691171_691171_Press Sheet 046-046.pdf
Wed Jul  5 12:44:38 2017,691171_691171_Press Sheet 047-047.pdf
Wed Jul  5 12:44:46 2017,691171_691171_Press Sheet 048-048.pdf
Wed Jul  5 12:44:54 2017,691171_691171_Press Sheet 049-049.pdf
Wed Jul  5 12:45:02 2017,691171_691171_Press Sheet 050-050.pdf
Wed Jul  5 12:43:51 2017,691171_691171_Press Sheet 051-051.pdf
Wed Jul  5 12:43:59 2017,691171_691171_Press Sheet 052-052.pdf
Wed Jul  5 12:44:07 2017,691171_691171_Press Sheet 053-053.pdf
Wed Jul  5 12:44:15 2017,691171_691171_Press Sheet 054-054.pdf
Wed Jul  5 12:44:23 2017,691171_691171_Press Sheet 055-055.pdf
Wed Jul  5 12:44:31 2017,691171_691171_Press Sheet 056-056.pdf
Wed Jul  5 12:44:39 2017,691171_691171_Press Sheet 057-057.pdf
Wed Jul  5 12:44:47 2017,691171_691171_Press Sheet 058-058.pdf
Wed Jul  5 12:44:55 2017,691171_691171_Press Sheet 059-059.pdf
Wed Jul  5 12:45:02 2017,691171_691171_Press Sheet 060-060.pdf
Wed Jul  5 12:45:13 2017,691171_691171_Press Sheet 061-061.pdf
Wed Jul  5 12:45:21 2017,691171_691171_Press Sheet 062-062.pdf
Wed Jul  5 12:45:30 2017,691171_691171_Press Sheet 063-063.pdf
Wed Jul  5 12:45:37 2017,691171_691171_Press Sheet 064-064.pdf
Wed Jul  5 12:45:45 2017,691171_691171_Press Sheet 065-065.pdf
Wed Jul  5 12:45:53 2017,691171_691171_Press Sheet 066-066.pdf
Wed Jul  5 12:46:01 2017,691171_691171_Press Sheet 067-067.pdf
Wed Jul  5 12:46:09 2017,691171_691171_Press Sheet 068-068.pdf
Wed Jul  5 12:46:17 2017,691171_691171_Press Sheet 069-069.pdf
Wed Jul  5 12:46:25 2017,691171_691171_Press Sheet 070-070.pdf
Wed Jul  5 12:45:11 2017,691171_691171_Press Sheet 071-071.pdf
Wed Jul  5 12:45:19 2017,691171_691171_Press Sheet 072-072.pdf
Wed Jul  5 12:45:27 2017,691171_691171_Press Sheet 073-073.pdf
Wed Jul  5 12:45:35 2017,691171_691171_Press Sheet 074-074.pdf
Wed Jul  5 12:45:43 2017,691171_691171_Press Sheet 075-075.pdf
Wed Jul  5 12:45:50 2017,691171_691171_Press Sheet 076-076.pdf
Wed Jul  5 12:45:59 2017,691171_691171_Press Sheet 077-077.pdf
Wed Jul  5 12:46:07 2017,691171_691171_Press Sheet 078-078.pdf
Wed Jul  5 12:46:14 2017,691171_691171_Press Sheet 079-079.pdf
Wed Jul  5 12:46:24 2017,691171_691171_Press Sheet 080-080.pdf
Wed Jul  5 12:45:12 2017,691171_691171_Press Sheet 081-081.pdf
Wed Jul  5 12:45:19 2017,691171_691171_Press Sheet 082-082.pdf
Wed Jul  5 12:45:27 2017,691171_691171_Press Sheet 083-083.pdf
Wed Jul  5 12:45:35 2017,691171_691171_Press Sheet 084-084.pdf
Wed Jul  5 12:45:43 2017,691171_691171_Press Sheet 085-085.pdf
Wed Jul  5 12:45:51 2017,691171_691171_Press Sheet 086-086.pdf
Wed Jul  5 12:45:59 2017,691171_691171_Press Sheet 087-087.pdf
Wed Jul  5 12:46:07 2017,691171_691171_Press Sheet 088-088.pdf
Wed Jul  5 12:46:15 2017,691171_691171_Press Sheet 089-089.pdf
Wed Jul  5 12:46:22 2017,691171_691171_Press Sheet 090-090.pdf
Wed Jul  5 12:46:34 2017,691171_691171_Press Sheet 091-091.pdf
Wed Jul  5 12:46:42 2017,691171_691171_Press Sheet 092-092.pdf
Wed Jul  5 12:46:50 2017,691171_691171_Press Sheet 093-093.pdf
Wed Jul  5 12:46:58 2017,691171_691171_Press Sheet 094-094.pdf
Wed Jul  5 12:47:06 2017,691171_691171_Press Sheet 095-095.pdf
Wed Jul  5 12:47:14 2017,691171_691171_Press Sheet 096-096.pdf
Wed Jul  5 12:47:22 2017,691171_691171_Press Sheet 097-097.pdf
Wed Jul  5 12:47:30 2017,691171_691171_Press Sheet 098-098.pdf
Wed Jul  5 12:56:22 2017,691419_691419 FRE-F01-3288.pdf
Wed Jul  5 12:56:21 2017,691419_691419 FRE-F02-Racicot_2162.pdf
Wed Jul  5 12:56:34 2017,691419_691419 FRE-F04-Jean_2165.pdf
Wed Jul  5 12:56:21 2017,691419_691419 FRE-F06-Langlois_4446.pdf
Wed Jul  5 12:56:35 2017,691419_691419 FRE-F10-Emami_1898.pdf
Wed Jul  5 12:56:35 2017,691419_691419 FRE-F14-Wave2_1871-6468.pdf
Wed Jul  5 12:56:48 2017,691419_691419 FRE-F03-Nieto_2164.pdf
Wed Jul  5 12:57:02 2017,691419_691419 FRE-F05-Hamel_4446.pdf
Wed Jul  5 12:57:02 2017,691419_691419 FRE-F07-Pare_2163.pdf
Wed Jul  5 12:56:49 2017,691419_691419 FRE-F08-Amrani_2161.pdf
Wed Jul  5 12:57:04 2017,691419_691419 FRE-F09-Janmohamed_2166.pdf
Wed Jul  5 12:57:15 2017,691419_691419 FRE-F11-Genest_8488.pdf
Wed Jul  5 12:56:49 2017,691419_691419 FRE-F12-Deguire_6741.pdf
Wed Jul  5 12:57:15 2017,691419_691419 FRE-F13-Serre_6737.pdf
Wed Jul  5 13:12:05 2017,691171_691171_Press Sheet 001-001.pdf
Wed Jul  5 13:12:13 2017,691171_691171_Press Sheet 002-002.pdf
Wed Jul  5 13:12:21 2017,691171_691171_Press Sheet 003-003.pdf
Wed Jul  5 13:12:29 2017,691171_691171_Press Sheet 004-004.pdf
Wed Jul  5 13:12:37 2017,691171_691171_Press Sheet 005-005.pdf
Wed Jul  5 13:12:45 2017,691171_691171_Press Sheet 006-006.pdf
Wed Jul  5 13:12:53 2017,691171_691171_Press Sheet 008-008.pdf
Wed Jul  5 13:13:00 2017,691171_691171_Press Sheet 009-009.pdf
Wed Jul  5 13:13:08 2017,691171_691171_Press Sheet 010-010.pdf
Wed Jul  5 13:12:07 2017,691171_691171_Press Sheet 011-011.pdf
Wed Jul  5 13:12:14 2017,691171_691171_Press Sheet 012-012.pdf
Wed Jul  5 13:12:22 2017,691171_691171_Press Sheet 013-013.pdf
Wed Jul  5 13:12:30 2017,691171_691171_Press Sheet 014-014.pdf
Wed Jul  5 13:12:38 2017,691171_691171_Press Sheet 015-015.pdf
Wed Jul  5 13:12:46 2017,691171_691171_Press Sheet 016-016.pdf
Wed Jul  5 13:12:54 2017,691171_691171_Press Sheet 017-017.pdf
Wed Jul  5 13:13:02 2017,691171_691171_Press Sheet 018-018.pdf
Wed Jul  5 13:13:10 2017,691171_691171_Press Sheet 019-019.pdf
Wed Jul  5 13:12:07 2017,691171_691171_Press Sheet 020-020.pdf
Wed Jul  5 13:12:15 2017,691171_691171_Press Sheet 021-021.pdf
Wed Jul  5 13:12:22 2017,691171_691171_Press Sheet 022-022.pdf
Wed Jul  5 13:12:30 2017,691171_691171_Press Sheet 024-024.pdf
Wed Jul  5 13:12:38 2017,691171_691171_Press Sheet 025-025.pdf
Wed Jul  5 13:12:46 2017,691171_691171_Press Sheet 026-026.pdf
Wed Jul  5 13:12:53 2017,691171_691171_Press Sheet 027-027.pdf
Wed Jul  5 13:13:01 2017,691171_691171_Press Sheet 028-028.pdf
Wed Jul  5 13:13:09 2017,691171_691171_Press Sheet 030-030.pdf
Wed Jul  5 13:13:17 2017,691171_691171_Press Sheet 031-031.pdf
Wed Jul  5 13:13:17 2017,691171_691171_Press Sheet 032-032.pdf
Wed Jul  5 13:13:25 2017,691171_691171_Press Sheet 034-034.pdf
Wed Jul  5 13:13:33 2017,691171_691171_Press Sheet 035-035.pdf
Wed Jul  5 13:13:41 2017,691171_691171_Press Sheet 036-036.pdf
Wed Jul  5 13:13:49 2017,691171_691171_Press Sheet 037-037.pdf
Wed Jul  5 13:13:56 2017,691171_691171_Press Sheet 038-038.pdf
Wed Jul  5 13:14:04 2017,691171_691171_Press Sheet 039-039.pdf
Wed Jul  5 13:14:12 2017,691171_691171_Press Sheet 040-040.pdf
Wed Jul  5 13:14:20 2017,691171_691171_Press Sheet 041-041.pdf
Wed Jul  5 13:14:28 2017,691171_691171_Press Sheet 042-042.pdf
Wed Jul  5 13:13:19 2017,691171_691171_Press Sheet 043-043.pdf
Wed Jul  5 13:13:27 2017,691171_691171_Press Sheet 044-044.pdf
Wed Jul  5 13:13:35 2017,691171_691171_Press Sheet 045-045.pdf
Wed Jul  5 13:13:42 2017,691171_691171_Press Sheet 046-046.pdf
Wed Jul  5 13:13:50 2017,691171_691171_Press Sheet 047-047.pdf
Wed Jul  5 13:13:58 2017,691171_691171_Press Sheet 048-048.pdf
Wed Jul  5 13:14:06 2017,691171_691171_Press Sheet 049-049.pdf
Wed Jul  5 13:14:14 2017,691171_691171_Press Sheet 050-050.pdf
Wed Jul  5 13:14:21 2017,691171_691171_Press Sheet 051-051.pdf
Wed Jul  5 13:14:29 2017,691171_691171_Press Sheet 052-052.pdf
Wed Jul  5 13:13:26 2017,691171_691171_Press Sheet 053-053.pdf
Wed Jul  5 13:13:34 2017,691171_691171_Press Sheet 054-054.pdf
Wed Jul  5 13:13:42 2017,691171_691171_Press Sheet 055-055.pdf
Wed Jul  5 13:13:49 2017,691171_691171_Press Sheet 056-056.pdf
Wed Jul  5 13:13:57 2017,691171_691171_Press Sheet 057-057.pdf
Wed Jul  5 13:14:05 2017,691171_691171_Press Sheet 058-058.pdf
Wed Jul  5 13:14:13 2017,691171_691171_Press Sheet 059-059.pdf
Wed Jul  5 13:14:21 2017,691171_691171_Press Sheet 060-060.pdf
Wed Jul  5 13:14:28 2017,691171_691171_Press Sheet 061-061.pdf
Wed Jul  5 13:14:36 2017,691171_691171_Press Sheet 062-062.pdf
Wed Jul  5 13:14:38 2017,691171_691171_Press Sheet 063-063.pdf
Wed Jul  5 13:14:46 2017,691171_691171_Press Sheet 064-064.pdf
Wed Jul  5 13:14:53 2017,691171_691171_Press Sheet 065-065.pdf
Wed Jul  5 13:15:01 2017,691171_691171_Press Sheet 066-066.pdf
Wed Jul  5 13:15:09 2017,691171_691171_Press Sheet 067-067.pdf
Wed Jul  5 13:15:17 2017,691171_691171_Press Sheet 068-068.pdf
Wed Jul  5 13:15:25 2017,691171_691171_Press Sheet 069-069.pdf
Wed Jul  5 13:15:33 2017,691171_691171_Press Sheet 070-070.pdf
Wed Jul  5 13:15:40 2017,691171_691171_Press Sheet 071-071.pdf
Wed Jul  5 13:15:48 2017,691171_691171_Press Sheet 072-072.pdf
Wed Jul  5 13:14:39 2017,691171_691171_Press Sheet 073-073.pdf
Wed Jul  5 13:14:46 2017,691171_691171_Press Sheet 074-074.pdf
Wed Jul  5 13:14:54 2017,691171_691171_Press Sheet 075-075.pdf
Wed Jul  5 13:15:02 2017,691171_691171_Press Sheet 076-076.pdf
Wed Jul  5 13:15:10 2017,691171_691171_Press Sheet 077-077.pdf
Wed Jul  5 13:15:18 2017,691171_691171_Press Sheet 078-078.pdf
Wed Jul  5 13:15:26 2017,691171_691171_Press Sheet 079-079.pdf
Wed Jul  5 13:15:35 2017,691171_691171_Press Sheet 080-080.pdf
Wed Jul  5 13:15:43 2017,691171_691171_Press Sheet 081-081.pdf
Wed Jul  5 13:15:51 2017,691171_691171_Press Sheet 082-082.pdf
Wed Jul  5 13:14:46 2017,691171_691171_Press Sheet 083-083.pdf
Wed Jul  5 13:14:53 2017,691171_691171_Press Sheet 084-084.pdf
Wed Jul  5 13:15:01 2017,691171_691171_Press Sheet 085-085.pdf
Wed Jul  5 13:15:09 2017,691171_691171_Press Sheet 086-086.pdf
Wed Jul  5 13:15:17 2017,691171_691171_Press Sheet 087-087.pdf
Wed Jul  5 13:15:25 2017,691171_691171_Press Sheet 088-088.pdf
Wed Jul  5 13:15:33 2017,691171_691171_Press Sheet 089-089.pdf
Wed Jul  5 13:15:40 2017,691171_691171_Press Sheet 090-090.pdf
Wed Jul  5 13:15:48 2017,691171_691171_Press Sheet 091-091.pdf
Wed Jul  5 13:15:56 2017,691171_691171_Press Sheet 092-092.pdf
Wed Jul  5 13:15:57 2017,691171_691171_Press Sheet 093-093.pdf
Wed Jul  5 13:16:05 2017,691171_691171_Press Sheet 094-094.pdf
Wed Jul  5 13:16:13 2017,691171_691171_Press Sheet 095-095.pdf
Wed Jul  5 13:16:21 2017,691171_691171_Press Sheet 096-096.pdf
Wed Jul  5 13:16:29 2017,691171_691171_Press Sheet 097-097.pdf
Wed Jul  5 13:16:36 2017,691171_691171_Press Sheet 098-098.pdf
Wed Jul  5 13:33:21 2017,691171_proof.pdf
Wed Jul  5 13:41:22 2017,691171_691171_Press Sheet 076-076.pdf
Wed Jul  5 13:41:27 2017,691171_691171_Press Sheet 096-096.pdf
Wed Jul  5 13:45:00 2017,691171_691171_Press Sheet 075-075.pdf
Wed Jul  5 13:45:04 2017,691937_PL_691937.pdf
Wed Jul  5 13:49:58 2017,691171_proof.pdf
Wed Jul  5 13:47:10 2017,691937_Proof.pdf
Wed Jul  5 15:16:13 2017,690871_690871_Alberta_01_p1-2.pdf
Wed Jul  5 15:16:28 2017,690871_690871_BC_01_p1-2.pdf
Wed Jul  5 15:16:36 2017,690871_690871_Manitoba_01_p1-2.pdf
Wed Jul  5 15:16:42 2017,690871_690871_NB_01_p1-2.pdf
Wed Jul  5 15:16:49 2017,690871_690871_NFLD_01_p1-2.pdf
Wed Jul  5 15:16:54 2017,690871_690871_NS_01_p1-2.pdf
Wed Jul  5 15:17:12 2017,690871_690871_NUNAVUT_01_p1-2.pdf
Wed Jul  5 15:17:17 2017,690871_690871_NWT_01_p1-2.pdf
Wed Jul  5 15:17:22 2017,690871_690871_ONTARIO_01_p1-2.pdf
Wed Jul  5 15:13:46 2017,690871_PL_690871.pdf
Wed Jul  5 15:17:28 2017,690871_690871_PEI-8_01_p1-2.pdf
Wed Jul  5 15:17:33 2017,690871_690871_QUEBEC_03_p1-2.pdf
Wed Jul  5 15:17:37 2017,690871_690871_SASK_01_p1-2.pdf
Wed Jul  5 15:17:44 2017,690871_690871_YUKON_02_p1-2.pdf
Wed Jul  5 15:25:32 2017,691709_691709-Countermat_EN_00_p1.pdf
Wed Jul  5 15:25:33 2017,691709_691709-Countermat_FR_00_p1.pdf
Wed Jul  5 15:47:55 2017,691878_691878-Standard-Deboss_00_p1.pdf
Wed Jul  5 15:47:49 2017,691878_691878-Standard-Text_00_p1-2.pdf
Wed Jul  5 15:47:53 2017,691878_691878-Xpress-Text_00_p1-2.pdf
Wed Jul  5 15:54:20 2017,691709-Countermat.pdf
Wed Jul  5 15:57:55 2017,691709-Countermats.pdf
Wed Jul  5 17:49:03 2017,691959_680860-outline_00_p1.pdf
Thu Jul  6 09:33:22 2017,691709-Countermat_EN.pdf
Thu Jul  6 09:33:23 2017,691709-Countermat_FR.pdf
Thu Jul  6 10:24:39 2017,691171_691171_Press Sheet 075-075.pdf
Thu Jul  6 10:22:53 2017,691171_691171_Press Sheet 076-076.pdf
Thu Jul  6 10:23:44 2017,691171_691171_Press Sheet 093-093.pdf
Thu Jul  6 10:27:19 2017,687658_PL_687658.pdf
Thu Jul  6 11:34:00 2017,691648_PL_691648.pdf
Thu Jul  6 12:04:56 2017,691674_english-Proof.pdf
Thu Jul  6 12:04:51 2017,691674_french-Proof.pdf
Thu Jul  6 12:12:06 2017,691674_ENG-p8-Proof.pdf
Thu Jul  6 12:12:40 2017,691674_FRE-p4-Proof.pdf
Thu Jul  6 13:16:36 2017,689804_6898004-National_00_p52.pdf
Thu Jul  6 13:16:31 2017,689804_689804-International_00_p52.pdf
Thu Jul  6 13:28:39 2017,691984_691984-NAC_00_p9.pdf
Thu Jul  6 13:37:32 2017,691648_Proof.pdf
Thu Jul  6 13:46:55 2017,688334_688334-Text-52-OBC_00_p1-65.pdf
Thu Jul  6 13:46:43 2017,688334_688334-Text-IFC-51_00_p1-50.pdf
Thu Jul  6 13:50:08 2017,688334_688334-OFC_00_p1.pdf
Thu Jul  6 13:50:26 2017,688334_688334-Text-52-OBC_00_p1-65.pdf
Thu Jul  6 13:50:04 2017,688334_688334-Text-IFC-51_00_p1-50.pdf
Thu Jul  6 14:03:20 2017,691674_Eng-OBC_Proof2.pdf
Thu Jul  6 14:40:22 2017,691968_PL_691968_A 16pg Market.pdf
Thu Jul  6 14:40:24 2017,691968_PL_691968_B 16pg Discount.pdf
Thu Jul  6 14:40:22 2017,691968_A 16pg Proof.pdf
Thu Jul  6 14:40:24 2017,691968_B 16pg Proof.pdf
Thu Jul  6 15:09:47 2017,691171_691171_Press Sheet 076-076.pdf
Thu Jul  6 16:15:56 2017,690871_690871_QUEBEC_04_p1-2.pdf
Thu Jul  6 16:15:56 2017,690871_QUEBEC.pdf
Thu Jul  6 16:20:55 2017,690871_YUKON.pdf
Thu Jul  6 16:33:49 2017,689699_PL_689699_A 136pg text.pdf
Thu Jul  6 16:34:23 2017,689699_Cover.pdf
Thu Jul  6 16:38:02 2017,689699_text.pdf
Fri Jul  7 07:57:55 2017,691419_691419 FRE-F01-3288.pdf
Fri Jul  7 07:57:55 2017,691419_691419 FRE-F02-Racicot_2162.pdf
Fri Jul  7 07:58:17 2017,691419_691419 FRE-F03-Nieto_2164.pdf
Fri Jul  7 07:58:06 2017,691419_691419 FRE-F04-Jean_2165.pdf
Fri Jul  7 07:58:28 2017,691419_691419 FRE-F05-Hamel_4446.pdf
Fri Jul  7 07:57:55 2017,691419_691419 FRE-F06-Langlois_4446.pdf
Fri Jul  7 07:58:29 2017,691419_691419 FRE-F07-Pare_2163.pdf
Fri Jul  7 07:58:17 2017,691419_691419 FRE-F08-Amrani_2161.pdf
Fri Jul  7 07:58:28 2017,691419_691419 FRE-F09-Janmohamed_2166.pdf
Fri Jul  7 07:58:06 2017,691419_691419 FRE-F10-Emami_1898.pdf
Fri Jul  7 07:58:39 2017,691419_691419 FRE-F11-Genest_8488.pdf
Fri Jul  7 07:58:18 2017,691419_691419 FRE-F12-Deguire_6741.pdf
Fri Jul  7 07:58:40 2017,691419_691419 FRE-F13-Serre_6737.pdf
Fri Jul  7 07:58:07 2017,691419_691419 FRE-F14-Wave2_1871-6468.pdf
Fri Jul  7 09:17:43 2017,691610_ENV.pdf
Fri Jul  7 09:23:45 2017,691977_PL_691977.pdf
Fri Jul  7 09:25:11 2017,691986_PL_691986.pdf
Fri Jul  7 09:30:03 2017,691963-env.pdf
Fri Jul  7 09:45:49 2017,689683_689683_Cover_1.pdf
Fri Jul  7 09:44:40 2017,689683_PL_689683_A-Text.pdf
Fri Jul  7 09:45:31 2017,691980_691980-Deloro_00_p1-4.pdf
Fri Jul  7 09:45:35 2017,691980_691980-Eldon_00_p1-4.pdf
Fri Jul  7 09:44:40 2017,689683-Text.pdf
Fri Jul  7 09:45:49 2017,689683_Cover.pdf
Fri Jul  7 10:04:37 2017,690979.pdf
Fri Jul  7 10:26:38 2017,691956_691956-brochure_00_p1-28.pdf
Fri Jul  7 10:26:38 2017,691956-brochure.pdf
Fri Jul  7 10:39:02 2017,691880-Text.pdf
Fri Jul  7 10:48:18 2017,691767-BC-BalMahal.pdf
Fri Jul  7 10:48:14 2017,691767-BC-VictoriaDoak.pdf
Fri Jul  7 10:49:30 2017,691850_PL_691850_A-MSRP.pdf
Fri Jul  7 10:49:34 2017,691850_PL_691850_B-NO msrp.pdf
Fri Jul  7 10:58:41 2017,691998_PL_691998.pdf
Fri Jul  7 11:02:30 2017,692001_PL_692001.pdf
Fri Jul  7 11:24:08 2017,692004_Proof.pdf
Fri Jul  7 11:55:44 2017,690984_690984_Cover Menu JulAug WITH Address_1.pdf
Fri Jul  7 11:55:44 2017,690984_690984_Cover Menu JulAug WITH Address_2.pdf
Fri Jul  7 11:55:01 2017,690984_NO Address.pdf
Fri Jul  7 11:56:46 2017,690984_PL_690984_A-48pg text.pdf
Fri Jul  7 11:55:01 2017,690984_Cover-NO Address.pdf
Fri Jul  7 11:55:44 2017,690984_Cover-WITH Address.pdf
Fri Jul  7 11:56:46 2017,690984_text.pdf
Fri Jul  7 13:06:19 2017,692004_Proof.pdf
Fri Jul  7 13:32:59 2017,689699_PL_689699_A 136pg text.pdf
Fri Jul  7 13:35:08 2017,689699_PL_689699_A 136pg text.pdf
Fri Jul  7 13:47:42 2017,689699_PL_689699_A 136pg text.pdf
Fri Jul  7 13:56:05 2017,692004_Proof.pdf
Fri Jul  7 13:47:42 2017,689699_text.pdf
Fri Jul  7 14:12:49 2017,691968 Market.pdf
Fri Jul  7 14:32:46 2017,690979_690979_58_01_p1_690979_64_01_p1.pdf
Fri Jul  7 14:32:46 2017,690979_rev.pdf
Fri Jul  7 15:04:53 2017,689572_PL_689572_A 144pg Text.pdf
Fri Jul  7 15:09:01 2017,689572_Text.pdf
Fri Jul  7 16:25:38 2017,691349_Blue-Proof.pdf
Mon Jul 10 07:10:27 2017,686968_689686-OFC-news_01_p1.pdf
Mon Jul 10 07:10:22 2017,686968_689686-OFC-sub_01_p1.pdf
Mon Jul 10 07:56:18 2017,690871_690871_BC_02_p1-2.pdf
Mon Jul 10 07:56:27 2017,690871_690871_QUEBEC_05_p1-2.pdf
Mon Jul 10 09:17:41 2017,692014_PL_692014_Cover .14063 spine.pdf
Mon Jul 10 09:17:45 2017,692014_PL_692014_Text.pdf
Mon Jul 10 09:37:36 2017,690871_690871_NFLD_02_p1-2.pdf
Mon Jul 10 09:48:21 2017,692036_692036_Env_00_p1.pdf
Mon Jul 10 10:58:34 2017,692072_692072-1_00_p1-16 copy.pdf
Mon Jul 10 10:58:34 2017,692072_692072-1_00_p1-16.pdf
Mon Jul 10 12:00:49 2017,692046_692046_Target_01_p1.pdf
Mon Jul 10 12:32:55 2017,692038-Royal40-Silver_Proof.pdf
Mon Jul 10 12:40:50 2017,692021_692021-Royal40-Silver_00_p1.pdf
Mon Jul 10 12:39:58 2017,692026_692026-Royal40-Gold_00_p1.pdf
Mon Jul 10 12:36:25 2017,692033_692033-Royal40-Silver_00_p1.pdf
Mon Jul 10 12:41:26 2017,692020_692020-Royal40-Gold_00_p1.pdf
Mon Jul 10 12:41:26 2017,692020-Royal40-Gold-Proof.pdf
Mon Jul 10 12:40:50 2017,692021-Royal40-Silver-Proof.pdf
Mon Jul 10 12:39:58 2017,692026-Royal40-Gold-Proof.pdf
Mon Jul 10 12:36:25 2017,692033-Royal40-Silver-Proof.pdf
Mon Jul 10 13:05:30 2017,692038-Royal40-Silver-Proof.pdf
Mon Jul 10 13:08:29 2017,692033-Royal40-Silver-Proof.pdf
Mon Jul 10 13:14:42 2017,691693_691693-CanOpen_00_p1-68.pdf
Mon Jul 10 13:16:31 2017,691693_691693-CanOpen_00_p1-68.pdf
Mon Jul 10 13:40:17 2017,692026-Royal40-Gold-Proof.pdf
Mon Jul 10 13:45:08 2017,692021-Royal40-Silver-Proof.pdf
Mon Jul 10 13:47:36 2017,692020-Royal40-Gold-Proof.pdf
Mon Jul 10 13:16:31 2017,691693-CanOpen.pdf
Mon Jul 10 14:05:42 2017,692063_692063-cover_00_p1-4.pdf
Mon Jul 10 14:05:51 2017,692063_692063-text_00_p1-20.pdf
Mon Jul 10 14:22:03 2017,692020_692020-Royal40-Gold_00_p1.pdf
Mon Jul 10 14:24:18 2017,692021_692021-Royal40-Silver_00_p1.pdf
Mon Jul 10 14:25:25 2017,692026_692026-Royal40-Gold_00_p1.pdf
Mon Jul 10 14:31:15 2017,692020-Royal40-Gold-Proof.pdf
Mon Jul 10 14:30:52 2017,692021-Royal40-Silver-Proof.pdf
Mon Jul 10 14:30:02 2017,692026-Royal40-Gold-Proof.pdf
Mon Jul 10 14:29:19 2017,692033-Royal40-Silver-Proof.pdf
Mon Jul 10 14:29:06 2017,692038-Royal40-Silver-Proof.pdf
Mon Jul 10 14:30:55 2017,692064_692064_cover_00_p1-4.pdf
Mon Jul 10 14:31:08 2017,692064_692064_text_00_p1-20.pdf
Mon Jul 10 14:30:55 2017,692064_French_Code of Conduct_00.pdf
Mon Jul 10 15:10:29 2017,692020_692020-Royal40-Gold_00_p1.pdf
Mon Jul 10 15:09:17 2017,692021_692021-Royal40-Silver_00_p1.pdf
Mon Jul 10 15:11:21 2017,692026_692026-Royal40-Gold_00_p1.pdf
Mon Jul 10 15:11:46 2017,692033_692033-Royal40-Silver_00_p1.pdf
Mon Jul 10 15:12:28 2017,692038_692038-Royal40-Silver_00_p1.pdf
Mon Jul 10 15:53:38 2017,691420_PL_691420.pdf
Mon Jul 10 15:55:47 2017,692024_692024-Env_00_p1.pdf
Mon Jul 10 15:55:50 2017,692024_692024-Letter_00_p1.pdf
Mon Jul 10 15:55:52 2017,692024_692024-ReplyCard_00_p1-2.pdf
Mon Jul 10 15:55:55 2017,692024_692024-Testimonials_00_p1.pdf
Mon Jul 10 15:55:47 2017,692024-Env_00.pdf
Mon Jul 10 15:55:50 2017,692024-Letter_00.pdf
Mon Jul 10 15:55:52 2017,692024-ReplyCard_00.pdf
Mon Jul 10 15:55:55 2017,692024-Testimonials_00.pdf
Mon Jul 10 15:10:29 2017,692020-Royal40-Gold-Proof.pdf
Mon Jul 10 15:09:17 2017,692021-Royal40-Silver-Proof.pdf
Mon Jul 10 15:11:21 2017,692026-Royal40-Gold-Proof.pdf
Mon Jul 10 15:11:46 2017,692033-Royal40-Silver-Proof.pdf
Mon Jul 10 15:12:28 2017,692038-Royal40-Silver-Proof.pdf
Mon Jul 10 16:31:12 2017,692026-Royal40-Gold-Proof.pdf
Mon Jul 10 16:30:56 2017,692033-Royal40-Silver-Proof.pdf
Mon Jul 10 16:30:43 2017,692038-Royal40-Silver-Proof.pdf
Mon Jul 10 16:36:19 2017,692020-Royal40-Gold-Proof.pdf
Mon Jul 10 16:36:37 2017,692021-Royal40-Silver-Proof.pdf
Mon Jul 10 16:36:19 2017,692020-Royal40-Gold-Proof2.pdf
Mon Jul 10 16:36:37 2017,692021-Royal40-Silver-Proof2.pdf
Mon Jul 10 16:31:12 2017,692026-Royal40-Gold-Proof2.pdf
Mon Jul 10 16:30:56 2017,692033-Royal40-Silver-Proof2.pdf
Mon Jul 10 16:30:43 2017,692038-Royal40-Silver-Proof2.pdf
Mon Jul 10 17:27:09 2017,689804_PL_689804_C 48pg International.pdf
Mon Jul 10 17:27:04 2017,689804_PL_689804_D 48pg National.pdf
Mon Jul 10 17:54:11 2017,689804_Cover International_01.pdf
Mon Jul 10 17:54:14 2017,689804_Cover National_01.pdf
Mon Jul 10 17:54:41 2017,689804_Text_International_01.pdf
Mon Jul 10 17:54:28 2017,689804_Text_National_01.pdf
Mon Jul 10 17:59:34 2017,689804_Cover International_01.pdf
Mon Jul 10 17:59:37 2017,689804_Cover National_01.pdf
Mon Jul 10 19:06:47 2017,692005_692005-9x12env-1up_p1.pdf
Mon Jul 10 19:07:08 2017,692088_692088-1_00_p15.pdf
Mon Jul 10 19:50:04 2017,691693_p30_01.pdf
Mon Jul 10 19:50:06 2017,691693_p51_01.pdf
Mon Jul 10 19:50:09 2017,691693_p59_01.pdf
Mon Jul 10 19:50:13 2017,691693_p65_01.pdf
Tue Jul 11 06:36:50 2017,692073_PL_692073.pdf
Mon Jul 10 20:39:26 2017,692082_CanadaDay_00.pdf
Mon Jul 10 20:39:24 2017,692082_Orcas_00.pdf
Tue Jul 11 08:33:32 2017,689674_689674-03_02_p1_689674-10_02_p1_689674-13_02_p1_689674-15_gtMCPdBN.pdf
Tue Jul 11 08:33:35 2017,689674_689674-160_02_p1.pdf
Tue Jul 11 08:36:41 2017,689674_PL_689674 Rev_A-Text.pdf
Tue Jul 11 08:35:52 2017,689674_PL_689674 Rev_B-Cover.pdf
Tue Jul 11 08:35:28 2017,689674_revised pages.pdf
Tue Jul 11 08:35:52 2017,689674_Full Cover rev.pdf
Tue Jul 11 08:40:21 2017,689674_Full Text rev.pdf
Tue Jul 11 09:28:15 2017,691944-Canmore_00.pdf
Tue Jul 11 09:27:31 2017,691944-Jasper_00.pdf
Tue Jul 11 09:27:16 2017,691944_691944-Canmore6_01_p1.pdf
Tue Jul 11 10:22:22 2017,691888_691888-1_00_p1-32.pdf
Tue Jul 11 10:22:22 2017,691888-1_00.pdf
Tue Jul 11 10:39:05 2017,689804_689804_International_p_46_01_p1.pdf
Tue Jul 11 10:39:05 2017,689804_International_p_46_01.pdf
Tue Jul 11 10:50:31 2017,690203-Spaces.pdf
Tue Jul 11 11:02:41 2017,692039-Text.pdf
Tue Jul 11 11:22:34 2017,689674_689674-42_02_p1.pdf
Tue Jul 11 11:20:28 2017,692087_BC-Proofs.pdf
Tue Jul 11 12:11:46 2017,692110_Cdn_00.pdf
Tue Jul 11 12:11:49 2017,692110_US_00.pdf
Tue Jul 11 13:21:56 2017,689838_FOIL.pdf
Tue Jul 11 13:32:35 2017,689838_FOIL.pdf
Tue Jul 11 13:49:41 2017,691981_691981_mailer1_EN-CDN_01_p1-2.pdf
Tue Jul 11 13:49:43 2017,691981_691981_mailer1_EN-USA_01_p1-2.pdf
Tue Jul 11 13:49:45 2017,691981_691981_mailer1_FR-CDN_01_p1-2.pdf
Tue Jul 11 13:49:48 2017,691981_691981_mailer2_EN-CDN_01_p1-2.pdf
Tue Jul 11 13:49:51 2017,691981_691981_mailer2_EN-USA_01_p1-2.pdf
Tue Jul 11 13:49:57 2017,691981_691981_mailer2_FR-CDN_01_p1-2.pdf
Tue Jul 11 13:50:00 2017,691981_691981_mailer2_FR-USA_01_p1-2.pdf
Tue Jul 11 13:50:03 2017,691981_691981_mailer3_EN-CDN-No#_01_p1-2.pdf
Tue Jul 11 13:50:05 2017,691981_691981_mailer3_EN-CDN_01_p1-2.pdf
Tue Jul 11 13:50:09 2017,691981_691981_mailer3_EN-USA-no#_01_p1-2.pdf
Tue Jul 11 13:50:11 2017,691981_691981_mailer3_EN-USA_01_p1-2.pdf
Tue Jul 11 13:50:14 2017,691981_691981_mailer3_FR-CDN-No#_01_p1-2.pdf
Tue Jul 11 13:50:17 2017,691981_691981_mailer3_FR-CDN_01_p1-2.pdf
Tue Jul 11 13:50:20 2017,691981_691981_mailer3_FR-USA_01_p1-2.pdf
Tue Jul 11 13:50:24 2017,691981_691981_mailer4_EN-CDN-No#_01_p1-2.pdf
Tue Jul 11 13:50:26 2017,691981_691981_mailer4_EN-CDN_01_p1-2.pdf
Tue Jul 11 13:50:30 2017,691981_691981_mailer4_EN-USA-No#_01_p1-2.pdf
Tue Jul 11 13:50:32 2017,691981_691981_mailer4_EN-USA_01_p1-2.pdf
Tue Jul 11 13:50:35 2017,691981_691981_mailer4_FR-CDN-No#_01_p1-2.pdf
Tue Jul 11 13:50:37 2017,691981_691981_mailer4_FR-CDN_01_p1-2.pdf
Tue Jul 11 13:53:38 2017,689674_689674-42_03_p1.pdf
Tue Jul 11 14:28:53 2017,691711-Motown_00.pdf
Tue Jul 11 16:01:46 2017,692043-Env_Eng_00.pdf
Tue Jul 11 16:01:50 2017,692043-Env_Fre_00.pdf
Tue Jul 11 16:01:40 2017,692043_EngBooklet_00.pdf
Tue Jul 11 16:01:43 2017,692043_FreBooklet_00.pdf
Tue Jul 11 16:12:39 2017,691981_691981_mailer2_FR-CDN_01_p1-2.pdf
Tue Jul 11 16:12:36 2017,691981_691981_mailer2_FR-USA_01_p1-2.pdf
Tue Jul 11 18:53:55 2017,691966_Foil-Emboss_CertENG-Proof.pdf
Tue Jul 11 18:58:07 2017,691966_Foil-Emboss_CertENG-Proof.pdf
Wed Jul 12 07:13:49 2017,691944_691944-Banff_00_p1-44.pdf
Wed Jul 12 07:13:49 2017,691944-Banff_00.pdf
Wed Jul 12 08:58:47 2017,689804_689804_International_spine_01_p1.pdf
Wed Jul 12 08:58:48 2017,689804_689804_National_p_39_02_p1.pdf
Wed Jul 12 08:58:49 2017,689804_689804_National_spine_01_p1.pdf
Wed Jul 12 10:44:28 2017,690838_IBC_01.pdf
Wed Jul 12 10:44:33 2017,690838_OBC_01.pdf
Wed Jul 12 10:44:35 2017,690838_p_11_01.pdf
Wed Jul 12 10:44:24 2017,690838_p_2_01.pdf
Wed Jul 12 10:44:32 2017,690838_p_5_01.pdf
Wed Jul 12 11:44:40 2017,691862-Text.pdf
Wed Jul 12 09:53:46 2017,692088.pdf
Wed Jul 12 10:05:17 2017,692092.pdf
Wed Jul 12 10:51:36 2017,692096_Proof.pdf
Wed Jul 12 10:09:08 2017,692108_683161_ExecTown_p32.pdf
Wed Jul 12 09:49:38 2017,692108_PL_692108.pdf
Wed Jul 12 15:25:13 2017,689674-OBC_03.pdf
Wed Jul 12 14:04:59 2017,690984_p4_01.pdf
Wed Jul 12 14:05:02 2017,690984_p9_01.pdf
Wed Jul 12 14:50:32 2017,691807-BRE_00.pdf
Wed Jul 12 14:50:36 2017,691807-ENV_00.pdf
Wed Jul 12 14:50:43 2017,691807-Invite-ENG_00.pdf
Wed Jul 12 14:50:43 2017,691807-Invite-FRE_00.pdf
Wed Jul 12 15:09:52 2017,691862-Text-p69_02.pdf
Wed Jul 12 14:25:38 2017,691888-1_01.pdf
Wed Jul 12 13:17:17 2017,691944_Banff_01.pdf
Wed Jul 12 13:29:49 2017,691944_Canmore_p6_02.pdf
Wed Jul 12 12:21:30 2017,692094_proof.pdf
Wed Jul 12 12:41:11 2017,692106_LMT_00.pdf
Wed Jul 12 14:20:06 2017,692116_Proof.pdf
Wed Jul 12 14:34:37 2017,cover layout.pdf
Wed Jul 12 15:53:50 2017,692123_Proof.pdf
Wed Jul 12 15:55:56 2017,692123_Proof.pdf
Wed Jul 12 17:21:38 2017,689929_Proof.pdf
Wed Jul 12 18:49:48 2017,691944_Banff_15_01.pdf
Wed Jul 12 19:20:18 2017,692032_692032_Eng_00.pdf
Wed Jul 12 19:20:16 2017,692032_692032_Fre_00.pdf
Wed Jul 12 19:21:42 2017,692032_Eng_00.pdf
Wed Jul 12 19:21:32 2017,692032_Fre_00.pdf
Wed Jul 12 19:37:36 2017,692137-Cda_Post_env_00.pdf
Thu Jul 13 14:54:35 2017,692027_Cover.pdf
Thu Jul 13 15:47:01 2017,692130_PL_692130.pdf
Thu Jul 13 15:47:41 2017,692130_Proof.pdf
Thu Jul 13 16:01:49 2017,686802_PL_686800-ProofLayout_A Text 68pg.pdf
Thu Jul 13 16:02:43 2017,686800-Cover.pdf
Thu Jul 13 16:03:13 2017,686802_686802_INSERT_00_p1-8.pdf
Thu Jul 13 16:04:25 2017,686802_Text.pdf
Thu Jul 13 16:02:43 2017,686802-Cover.pdf
Thu Jul 13 16:03:13 2017,686802_INSERT.pdf
Thu Jul 13 16:32:08 2017,692182_Proof.pdf
Thu Jul 13 19:42:42 2017,692172_692172_Sig.1 24pg_1.pdf
Fri Jul 14 10:39:24 2017,686802_PL_686802_A 68pg text.pdf
Fri Jul 14 10:39:32 2017,686802_PL_686802_B Cover .140625 spine.pdf
Fri Jul 14 10:41:03 2017,686802_PL_686802_A 68pg text.pdf
Fri Jul 14 10:41:23 2017,686802_PL_686802_C 8pg tip on.pdf
Fri Jul 14 11:02:56 2017,686802_PL_686802_C 8pg tip on.pdf
Fri Jul 14 11:09:38 2017,690979_PL_690979.pdf
Fri Jul 14 11:20:07 2017,690979_PL_690979.pdf
Fri Jul 14 11:22:50 2017,692082_689370-CanadaDay_00_p1.pdf
Fri Jul 14 11:22:52 2017,692082_689374_Orcas_01_p1.pdf
Fri Jul 14 11:35:48 2017,690979_PL_690979.pdf
Fri Jul 14 11:55:23 2017,691862_691862_Cover_1.pdf
Fri Jul 14 11:55:23 2017,691862_691862_Cover_2.pdf
Fri Jul 14 11:55:23 2017,691862_CoverWithUVinYellow.pdf
Fri Jul 14 12:04:03 2017,692157_PD-BX-RGTA_Issue3_p1.pdf
Fri Jul 14 13:11:55 2017,692176_CODE.pdf
Fri Jul 14 13:11:51 2017,692176_Warehouse.pdf
Fri Jul 14 13:31:18 2017,686802_PL_686802_A 68pg text.pdf
Fri Jul 14 13:32:57 2017,686802_text.pdf
Fri Jul 14 15:34:25 2017,692098_PL_692098.pdf
Sat Jul 15 11:35:22 2017,691171_691171_Press Sheet 015-015.pdf
Sat Jul 15 18:22:36 2017,692188_PL_692188.pdf
Mon Jul 17 10:01:37 2017,692098_692098_programme_p13.pdf
Mon Jul 17 10:01:48 2017,692098_692098_programme_p16.pdf
Mon Jul 17 10:01:52 2017,692233_PL_692233_A Cover.pdf
Mon Jul 17 10:02:00 2017,692233_PL_692233_B 20pg.pdf
Mon Jul 17 10:01:48 2017,692098_p16 HR.pdf
Mon Jul 17 10:49:15 2017,687871-rev.pdf
Mon Jul 17 10:58:26 2017,690986_PL_690986_A-84pg text.pdf
Mon Jul 17 10:58:17 2017,690986_PL_690986_B-Divider.pdf
Mon Jul 17 10:58:14 2017,690986_PL_690986_C-Cover.pdf
Mon Jul 17 11:08:39 2017,692163_692163-ENG_Cover_p1.pdf
Mon Jul 17 11:08:53 2017,692163_692163-ENG_Text_p1-158.pdf
Mon Jul 17 11:08:53 2017,692163_692163-INUK_Cover_p1.pdf
Mon Jul 17 11:09:05 2017,692163_692163-INUK_Text_p1-164.pdf
Mon Jul 17 11:08:39 2017,692163-ENG_Cover_00.pdf
Mon Jul 17 11:11:46 2017,692163-ENG_Text_00.pdf
Mon Jul 17 11:08:53 2017,692163-INUK_Cover_00.pdf
Mon Jul 17 11:12:50 2017,692163-INUK_Text_00.pdf
Mon Jul 17 11:29:27 2017,692240-1_PL_692240_1pg-4on Grain Short.pdf
Mon Jul 17 12:13:56 2017,687975_N8_2017_p6_01.pdf
Mon Jul 17 12:17:19 2017,692244.pdf
Mon Jul 17 13:14:00 2017,692267_PL_683832.pdf
Mon Jul 17 13:14:00 2017,692267.pdf
Mon Jul 17 14:41:19 2017,692139_rev.pdf
Mon Jul 17 14:54:30 2017,692109_PL_692109.pdf
Mon Jul 17 14:54:30 2017,692109.pdf
Mon Jul 17 16:27:01 2017,690044_p19_01.pdf
Mon Jul 17 17:18:17 2017,691448-Homes.pdf
Mon Jul 17 22:02:50 2017,691536_Cover_00.pdf
Mon Jul 17 22:08:56 2017,691536_text_00.pdf
Tue Jul 18 07:48:00 2017,691536_PL_691536_A 80pg text.pdf
Tue Jul 18 07:50:09 2017,691536_text.pdf
Tue Jul 18 09:52:45 2017,687104_PL_687104_84pg text.pdf
Tue Jul 18 09:52:32 2017,687104_PL_687104_cover.pdf
Tue Jul 18 10:03:29 2017,687104_PL_687104_84pg text.pdf
Tue Jul 18 10:03:35 2017,687104_PL_687104_cover.pdf
Tue Jul 18 10:06:49 2017,687104_PL_687104_84pg text.pdf
Tue Jul 18 10:28:39 2017,687654-Cover_00.pdf
Tue Jul 18 10:39:22 2017,690339_690339-OFC-subscriber_00_p1.pdf
Tue Jul 18 10:39:21 2017,"690339_690339-Sept_00_p1-68,1-68,1-68,_KT4GPpEU.pdf"
Tue Jul 18 10:40:23 2017,"690339_690339-Sept_00_p1-68,1-68,1-68,_KT4GPpEU.pdf"
Tue Jul 18 10:45:21 2017,692274_PD-PR-00702_Issue1_00.pdf
Tue Jul 18 10:54:16 2017,689674-Text.pdf
Tue Jul 18 10:56:19 2017,689674-Text.pdf
Tue Jul 18 11:16:14 2017,692109_rev.pdf
Tue Jul 18 12:33:22 2017,689427_PL_689427_A 48pg Text.pdf
Tue Jul 18 12:33:18 2017,689427_PL_689427_B Cover .125 spine.pdf
Tue Jul 18 10:39:22 2017,690339-OFC-subscriber_00.pdf
Tue Jul 18 13:59:54 2017,690339-Sept_00.pdf
Tue Jul 18 13:58:20 2017,690339_690339-Sept-p19_00_p1.pdf
Tue Jul 18 14:26:13 2017,691122_invoices.pdf
Tue Jul 18 14:29:46 2017,687104-24_rev.pdf
Tue Jul 18 14:57:09 2017,692019_692019-Dockside_01_p1-28.pdf
Tue Jul 18 15:00:44 2017,686751-OTR_00.pdf
Tue Jul 18 14:58:17 2017,692019_rev.pdf
Tue Jul 18 15:43:17 2017,692310_Lahey_00.pdf
Tue Jul 18 17:28:53 2017,692019-Dockside_02.pdf
Tue Jul 18 18:35:54 2017,692264_CAN-Eng-Proof.pdf
Tue Jul 18 18:35:58 2017,692264_CAN-Fre-Proof.pdf
Tue Jul 18 18:36:02 2017,692264_US-Proof.pdf
Wed Jul 19 10:08:24 2017,692019_p7_01.pdf
Wed Jul 19 10:40:22 2017,692315_GVIC_env_00_p1.pdf
Wed Jul 19 10:40:22 2017,692315_GVIC_env_00.pdf
Wed Jul 19 11:02:05 2017,692309_PD-PR-020_Issue6_00.pdf
Wed Jul 19 12:20:51 2017,"690915_690915-1_00_p1-28,1-28,1-28,_0rYZX9H4.pdf"
Wed Jul 19 12:22:45 2017,690915_Sutton_Fair_00.pdf
Wed Jul 19 12:30:32 2017,692308_PD-LB-019_Issue7_00.pdf
Wed Jul 19 12:39:05 2017,692273_PD-BX-00768_Issue1_p1.pdf
Wed Jul 19 12:42:45 2017,692325.pdf
Wed Jul 19 12:57:37 2017,692097_PL_692097_92pg text.pdf
Wed Jul 19 13:18:21 2017,692097_TEXT-Proof.pdf
Wed Jul 19 13:21:29 2017,692302_692302-1_00_p1-12.pdf
Wed Jul 19 13:25:54 2017,692097_TEXT-Proof.pdf
Wed Jul 19 13:22:49 2017,692300-Text.pdf
Wed Jul 19 13:21:29 2017,692302_Proof.pdf
Wed Jul 19 13:24:21 2017,"692330_692330-Cover_00_p4,1-3_692330-Spine_00_p1.pdf"
Wed Jul 19 13:28:46 2017,692330-Cover.pdf
Wed Jul 19 13:22:49 2017,692330-Text.pdf
Wed Jul 19 13:40:34 2017,690915_revised_00.pdf
Wed Jul 19 13:42:46 2017,690915_revised_00.pdf
Wed Jul 19 13:42:46 2017,690915_Sutton Fair_01.pdf
Wed Jul 19 14:07:08 2017,692273_PD-BX-00768_Issue1_00.pdf
Wed Jul 19 14:53:58 2017,690915_PL_690915_B 24pg.pdf
Wed Jul 19 14:53:49 2017,690915_Sutton_02.pdf
Wed Jul 19 14:57:30 2017,690915_PL_690915_A Cover.pdf
Wed Jul 19 14:57:44 2017,690915_PL_690915_B 24pg.pdf
Wed Jul 19 15:15:48 2017,692097_cover.pdf
Wed Jul 19 15:15:48 2017,692097_Cover-Proof.pdf
Wed Jul 19 15:47:15 2017,692302_692302-1_00_p1-12.pdf
Wed Jul 19 15:47:15 2017,692302_Kravet_00.pdf
Wed Jul 19 16:08:21 2017,692282-Cara_00.pdf
Wed Jul 19 16:12:44 2017,692282-Cara_00.pdf
Wed Jul 19 16:15:33 2017,692330_Cover.pdf
Wed Jul 19 17:04:29 2017,686687_PL_686687.pdf
Wed Jul 19 17:04:29 2017,686687_Homefinder_00.pdf
Wed Jul 19 18:29:49 2017,687654_687654-text_00_p1-144.pdf
Wed Jul 19 18:36:58 2017,687654-OH-SGO_text_00.pdf
Wed Jul 19 18:36:58 2017,687654-OH-SGO_text_03-99.pdf
Wed Jul 19 18:36:58 2017,687654-OH-SGO_text_100-146.pdf
Wed Jul 19 18:50:07 2017,687654_687654-text_00_p1-144.pdf
Wed Jul 19 18:54:44 2017,687654_text_00.pdf
Wed Jul 19 19:02:33 2017,687654_687654-text_00_p22.pdf
Wed Jul 19 19:06:48 2017,686687_p15_01.pdf
Wed Jul 19 19:19:25 2017,692262_PD-PR-00180-issue 4_Proof.pdf
Wed Jul 19 20:05:35 2017,692282-Cara_01.pdf
Thu Jul 20 07:33:34 2017,692316_689150 FRENCH_F-Form1-Sig1+2 12pg each-F01-3288.pdf
Thu Jul 20 07:38:49 2017,692316_689150 FRENCH_F-Form1-Sig1+2 12pg each-F01-3288.pdf
Thu Jul 20 08:32:16 2017,692109_PL_692109.pdf
Thu Jul 20 12:02:59 2017,692194_PL_692194.pdf
Thu Jul 20 13:54:54 2017,692306_PL_692306.pdf
Thu Jul 20 14:08:57 2017,691448_OBC.pdf
Thu Jul 20 15:16:58 2017,689427_689427_Cover_1.pdf
Thu Jul 20 15:16:58 2017,689427_689427_Cover_2.pdf
Thu Jul 20 15:16:32 2017,689427_PL_689427_A 48pg Text.pdf
Thu Jul 20 15:16:58 2017,689427_Cover.pdf
Thu Jul 20 15:20:18 2017,689427_Text.pdf
Thu Jul 20 15:56:53 2017,692370_PL_692370.pdf
Thu Jul 20 19:47:39 2017,"692194_692194_Luxury_p12,16,20.pdf"
Thu Jul 20 18:52:01 2017,692194_PL_692194.pdf
Fri Jul 21 07:20:32 2017,692263_692263_Eng_01_p1-12.pdf
Fri Jul 21 07:20:45 2017,692263_692263_Fre_01_p1-12.pdf
Fri Jul 21 07:26:10 2017,692263_Eng_01_p1-12.pdf
Fri Jul 21 07:26:19 2017,692263_Fre_01_p1-12.pdf
Fri Jul 21 08:48:55 2017,691053_691053-OSM_00_p1.pdf
Fri Jul 21 08:49:05 2017,691053_691053-OSM_00_p103.pdf
Fri Jul 21 08:51:34 2017,691053_691053-OSM_00_p104.pdf
Fri Jul 21 08:48:59 2017,691053_691053-OSM_00_p2.pdf
Fri Jul 21 08:51:30 2017,691053_691053-OSM_00_p3-102.pdf
Fri Jul 21 11:16:10 2017,"691053_691053-OSM_00_p1-2,103-104_691053-spn_00_p1.pdf"
Fri Jul 21 11:16:04 2017,691053_PL_691053_A 100pg text..pdf
Fri Jul 21 11:15:48 2017,692348_Proof.pdf
Fri Jul 21 11:40:02 2017,692374_PL_692374_CARA-2pg-4on EastWest_EN version.pdf
Fri Jul 21 11:40:05 2017,692374_PL_692374_CARA-2pg-4on ON_EN version.pdf
Fri Jul 21 11:53:45 2017,691172_691172_Press Sheet 001-001.pdf
Fri Jul 21 11:53:46 2017,691172_691172_Press Sheet 002-002.pdf
Fri Jul 21 11:53:47 2017,691172_691172_Press Sheet 003-003.pdf
Fri Jul 21 11:53:54 2017,691172_691172_Press Sheet 004-004.pdf
Fri Jul 21 11:53:55 2017,691172_691172_Press Sheet 005-005.pdf
Fri Jul 21 11:53:56 2017,691172_691172_Press Sheet 006-006.pdf
Fri Jul 21 11:54:03 2017,691172_691172_Press Sheet 007-007.pdf
Fri Jul 21 11:54:03 2017,691172_691172_Press Sheet 008-008.pdf
Fri Jul 21 11:54:05 2017,691172_691172_Press Sheet 009-009.pdf
Fri Jul 21 11:54:12 2017,691172_691172_Press Sheet 010-010.pdf
Fri Jul 21 12:07:09 2017,691172_691172_Press Sheet 001-001.pdf
Fri Jul 21 12:22:47 2017,691172_691172_Press Sheet 005-005.pdf
Fri Jul 21 12:19:07 2017,691172_691172_Press Sheet 011-011.pdf
Fri Jul 21 12:19:07 2017,691172_691172_Press Sheet 012-012.pdf
Fri Jul 21 12:19:07 2017,691172_691172_Press Sheet 013-013.pdf
Fri Jul 21 12:19:16 2017,691172_691172_Press Sheet 014-014.pdf
Fri Jul 21 12:21:08 2017,691172_691172_Press Sheet 015-015.pdf
Fri Jul 21 12:21:16 2017,691172_691172_Press Sheet 016-016.pdf
Fri Jul 21 12:21:24 2017,691172_691172_Press Sheet 017-017.pdf
Fri Jul 21 12:21:08 2017,691172_691172_Press Sheet 018-018.pdf
Fri Jul 21 12:21:16 2017,691172_691172_Press Sheet 019-019.pdf
Fri Jul 21 12:21:20 2017,691172_691172_Press Sheet 020-020.pdf
Fri Jul 21 12:21:08 2017,691172_691172_Press Sheet 021-021.pdf
Fri Jul 21 12:21:16 2017,691172_691172_Press Sheet 022-022.pdf
Fri Jul 21 12:21:24 2017,691172_691172_Press Sheet 023-023.pdf
Fri Jul 21 12:21:33 2017,691172_691172_Press Sheet 024-024.pdf
Fri Jul 21 12:21:40 2017,691172_691172_Press Sheet 025-025.pdf
Fri Jul 21 12:21:48 2017,691172_691172_Press Sheet 026-026.pdf
Fri Jul 21 12:21:29 2017,691172_691172_Press Sheet 027-027.pdf
Fri Jul 21 12:21:37 2017,691172_691172_Press Sheet 028-028.pdf
Fri Jul 21 12:21:45 2017,691172_691172_Press Sheet 029-029.pdf
Fri Jul 21 12:21:33 2017,691172_691172_Press Sheet 030-030.pdf
Fri Jul 21 12:21:40 2017,691172_691172_Press Sheet 031-031.pdf
Fri Jul 21 12:21:48 2017,691172_691172_Press Sheet 032-032.pdf
Fri Jul 21 12:22:00 2017,691172_691172_Press Sheet 033-033.pdf
Fri Jul 21 12:22:08 2017,691172_691172_Press Sheet 034-034.pdf
Fri Jul 21 12:22:15 2017,691172_691172_Press Sheet 035-035.pdf
Fri Jul 21 12:21:55 2017,691172_691172_Press Sheet 036-036.pdf
Fri Jul 21 12:22:03 2017,691172_691172_Press Sheet 037-037.pdf
Fri Jul 21 12:22:10 2017,691172_691172_Press Sheet 038-038.pdf
Fri Jul 21 12:21:57 2017,691172_691172_Press Sheet 039-039.pdf
Fri Jul 21 12:22:05 2017,691172_691172_Press Sheet 040-040.pdf
Fri Jul 21 12:22:13 2017,691172_691172_Press Sheet 041-041.pdf
Fri Jul 21 12:22:21 2017,691172_691172_Press Sheet 042-042.pdf
Fri Jul 21 12:22:24 2017,691172_691172_Press Sheet 043-043.pdf
Fri Jul 21 12:22:32 2017,691172_691172_Press Sheet 044-044.pdf
Fri Jul 21 12:22:43 2017,691172_691172_Press Sheet 045-045.pdf
Fri Jul 21 12:34:19 2017,691172_691172_Press Sheet 001-001.pdf
Fri Jul 21 12:34:23 2017,691172_691172_Press Sheet 002-002.pdf
Fri Jul 21 12:34:25 2017,691172_691172_Press Sheet 003-003.pdf
Fri Jul 21 12:34:27 2017,691172_691172_Press Sheet 004-004.pdf
Fri Jul 21 12:34:32 2017,691172_691172_Press Sheet 005-005.pdf
Fri Jul 21 12:34:34 2017,691172_691172_Press Sheet 006-006.pdf
Fri Jul 21 12:34:36 2017,691172_691172_Press Sheet 007-007.pdf
Fri Jul 21 12:34:41 2017,691172_691172_Press Sheet 008-008.pdf
Fri Jul 21 12:34:43 2017,691172_691172_Press Sheet 009-009.pdf
Fri Jul 21 12:34:45 2017,691172_691172_Press Sheet 010-010.pdf
Fri Jul 21 12:34:54 2017,691172_691172_Press Sheet 011-011.pdf
Fri Jul 21 12:34:50 2017,691172_691172_Press Sheet 012-012.pdf
Fri Jul 21 12:34:51 2017,691172_691172_Press Sheet 013-013.pdf
Fri Jul 21 12:35:03 2017,691172_691172_Press Sheet 014-014.pdf
Fri Jul 21 12:34:58 2017,691172_691172_Press Sheet 015-015.pdf
Fri Jul 21 12:35:00 2017,691172_691172_Press Sheet 016-016.pdf
Fri Jul 21 12:35:11 2017,691172_691172_Press Sheet 017-017.pdf
Fri Jul 21 12:35:09 2017,691172_691172_Press Sheet 018-018.pdf
Fri Jul 21 12:35:09 2017,691172_691172_Press Sheet 019-019.pdf
Fri Jul 21 12:35:17 2017,691172_691172_Press Sheet 020-020.pdf
Fri Jul 21 12:35:18 2017,691172_691172_Press Sheet 021-021.pdf
Fri Jul 21 12:35:27 2017,691172_691172_Press Sheet 022-022.pdf
Fri Jul 21 12:35:18 2017,691172_691172_Press Sheet 023-023.pdf
Fri Jul 21 12:35:26 2017,691172_691172_Press Sheet 024-024.pdf
Fri Jul 21 12:35:36 2017,691172_691172_Press Sheet 025-025.pdf
Fri Jul 21 12:35:27 2017,691172_691172_Press Sheet 026-026.pdf
Fri Jul 21 12:35:35 2017,691172_691172_Press Sheet 027-027.pdf
Fri Jul 21 12:35:45 2017,691172_691172_Press Sheet 028-028.pdf
Fri Jul 21 12:35:37 2017,691172_691172_Press Sheet 029-029.pdf
Fri Jul 21 12:35:44 2017,691172_691172_Press Sheet 030-030.pdf
Fri Jul 21 12:35:53 2017,691172_691172_Press Sheet 031-031.pdf
Fri Jul 21 12:35:56 2017,691172_691172_Press Sheet 032-032.pdf
Fri Jul 21 12:35:48 2017,691172_691172_Press Sheet 033-033.pdf
Fri Jul 21 12:36:03 2017,691172_691172_Press Sheet 034-034.pdf
Fri Jul 21 12:36:05 2017,691172_691172_Press Sheet 035-035.pdf
Fri Jul 21 12:35:58 2017,691172_691172_Press Sheet 036-036.pdf
Fri Jul 21 12:36:12 2017,691172_691172_Press Sheet 037-037.pdf
Fri Jul 21 12:36:14 2017,691172_691172_Press Sheet 038-038.pdf
Fri Jul 21 12:36:07 2017,691172_691172_Press Sheet 039-039.pdf
Fri Jul 21 12:36:21 2017,691172_691172_Press Sheet 040-040.pdf
Fri Jul 21 12:36:25 2017,691172_691172_Press Sheet 041-041.pdf
Fri Jul 21 12:36:16 2017,691172_691172_Press Sheet 042-042.pdf
Fri Jul 21 12:36:31 2017,691172_691172_Press Sheet 043-043.pdf
Fri Jul 21 12:36:34 2017,691172_691172_Press Sheet 044-044.pdf
Fri Jul 21 12:36:28 2017,691172_691172_Press Sheet 045-045.pdf
Fri Jul 21 12:39:53 2017,691172_691172_Press Sheet 024-024.pdf
Fri Jul 21 12:41:47 2017,691172_691172_Press Sheet 035-035.pdf
Fri Jul 21 12:49:25 2017,691172_691172_Press Sheet 036-036.pdf
Fri Jul 21 13:17:44 2017,691172_691172_Press Sheet 001-001.pdf
Fri Jul 21 13:17:50 2017,691172_691172_Press Sheet 002-002.pdf
Fri Jul 21 13:17:58 2017,691172_691172_Press Sheet 003-003.pdf
Fri Jul 21 13:18:06 2017,691172_691172_Press Sheet 004-004.pdf
Fri Jul 21 13:18:14 2017,691172_691172_Press Sheet 005-005.pdf
Fri Jul 21 13:17:46 2017,691172_691172_Press Sheet 006-006.pdf
Fri Jul 21 13:17:54 2017,691172_691172_Press Sheet 007-007.pdf
Fri Jul 21 13:18:02 2017,691172_691172_Press Sheet 008-008.pdf
Fri Jul 21 13:18:10 2017,691172_691172_Press Sheet 009-009.pdf
Fri Jul 21 13:18:17 2017,691172_691172_Press Sheet 010-010.pdf
Fri Jul 21 13:17:46 2017,691172_691172_Press Sheet 011-011.pdf
Fri Jul 21 13:17:54 2017,691172_691172_Press Sheet 012-012.pdf
Fri Jul 21 13:18:02 2017,691172_691172_Press Sheet 013-013.pdf
Fri Jul 21 13:18:10 2017,691172_691172_Press Sheet 014-014.pdf
Fri Jul 21 13:18:17 2017,691172_691172_Press Sheet 015-015.pdf
Fri Jul 21 13:18:23 2017,691172_691172_Press Sheet 016-016.pdf
Fri Jul 21 13:18:31 2017,691172_691172_Press Sheet 017-017.pdf
Fri Jul 21 13:18:38 2017,691172_691172_Press Sheet 018-018.pdf
Fri Jul 21 13:18:26 2017,691172_691172_Press Sheet 021-021.pdf
Fri Jul 21 13:18:34 2017,691172_691172_Press Sheet 022-022.pdf
Fri Jul 21 13:18:42 2017,691172_691172_Press Sheet 023-023.pdf
Fri Jul 21 13:18:26 2017,691172_691172_Press Sheet 026-026.pdf
Fri Jul 21 13:18:34 2017,691172_691172_Press Sheet 027-027.pdf
Fri Jul 21 13:18:42 2017,691172_691172_Press Sheet 028-028.pdf
Fri Jul 21 13:17:38 2017,692151_PL_692151.pdf
Fri Jul 21 13:18:46 2017,691172_691172_Press Sheet 019-019.pdf
Fri Jul 21 13:18:51 2017,691172_691172_Press Sheet 020-020.pdf
Fri Jul 21 13:18:50 2017,691172_691172_Press Sheet 024-024.pdf
Fri Jul 21 13:18:58 2017,691172_691172_Press Sheet 025-025.pdf
Fri Jul 21 13:18:51 2017,691172_691172_Press Sheet 029-029.pdf
Fri Jul 21 13:18:59 2017,691172_691172_Press Sheet 030-030.pdf
Fri Jul 21 13:19:00 2017,691172_691172_Press Sheet 031-031.pdf
Fri Jul 21 13:19:07 2017,691172_691172_Press Sheet 032-032.pdf
Fri Jul 21 13:19:15 2017,691172_691172_Press Sheet 033-033.pdf
Fri Jul 21 13:19:23 2017,691172_691172_Press Sheet 034-034.pdf
Fri Jul 21 13:19:31 2017,691172_691172_Press Sheet 035-035.pdf
Fri Jul 21 13:19:07 2017,691172_691172_Press Sheet 036-036.pdf
Fri Jul 21 13:19:15 2017,691172_691172_Press Sheet 037-037.pdf
Fri Jul 21 13:19:22 2017,691172_691172_Press Sheet 038-038.pdf
Fri Jul 21 13:19:30 2017,691172_691172_Press Sheet 039-039.pdf
Fri Jul 21 13:19:38 2017,691172_691172_Press Sheet 040-040.pdf
Fri Jul 21 13:19:08 2017,691172_691172_Press Sheet 041-041.pdf
Fri Jul 21 13:19:16 2017,691172_691172_Press Sheet 042-042.pdf
Fri Jul 21 13:19:24 2017,691172_691172_Press Sheet 043-043.pdf
Fri Jul 21 13:19:32 2017,691172_691172_Press Sheet 044-044.pdf
Fri Jul 21 13:19:42 2017,691172_691172_Press Sheet 045-045.pdf
Fri Jul 21 13:23:07 2017,691172_PDFproof.pdf
Fri Jul 21 13:56:40 2017,688228_Proof.pdf
Fri Jul 21 14:08:50 2017,687207_AOFC_00_p1_AIFC_00_p1_BIFC_00_p1_BOFC_00_p1_Spine_p1.pdf
Fri Jul 21 14:09:04 2017,687207_AOFC_00_p1_AIFC_00_p1_BIFC_00_p1_BOFC_00_p1_Spine_p1.pdf
Fri Jul 21 14:13:33 2017,692368_PL_692368.pdf
Fri Jul 21 14:16:57 2017,692107_PL_692107_A 112pg Text.pdf
Fri Jul 21 14:13:33 2017,692368_Proof.pdf
Fri Jul 21 14:22:54 2017,691414_OH_MUSKOKA_p21_01.pdf
Fri Jul 21 14:33:51 2017,690339_690339-Nwstd.pdf
Fri Jul 21 14:34:54 2017,690339_690339_Sg1-Subs-Subs.pdf
Fri Jul 21 14:40:33 2017,687207_AOFC_00_p1_AIFC_00_p1_BIFC_00_p1_BOFC_00_p1_Spine_p1.pdf
Fri Jul 21 15:03:51 2017,691689_691689-txt-p118_03_p1.pdf
Fri Jul 21 15:03:44 2017,691689_691689-txt-p137_03_p1.pdf
Fri Jul 21 15:03:49 2017,691689_691689-txt-p156_03_p1.pdf
Fri Jul 21 15:03:40 2017,691689_691689-txt-p176_03_p1.pdf
Fri Jul 21 15:03:55 2017,691689_691689-txt-p23_03_p1.pdf
Fri Jul 21 15:03:58 2017,691689_691689-txt-p42_03_p1.pdf
Fri Jul 21 15:04:00 2017,691689_691689-txt-p61_03_p1.pdf
Fri Jul 21 15:03:47 2017,691689_691689-txt-p80_03_p1.pdf
Fri Jul 21 15:03:53 2017,691689_691689-txt-p99_03_p1.pdf
Fri Jul 21 15:08:05 2017,691689_PL_691689_A-Text.pdf
Fri Jul 21 15:04:52 2017,691689_PL_691689_B-Cover.pdf
Fri Jul 21 15:13:35 2017,691694_691694-txt-p108_03_p1.pdf
Fri Jul 21 15:16:49 2017,691694_PL_691694_A-Text.pdf
Fri Jul 21 15:14:40 2017,691694_PL_691694_B-Cover.pdf
Fri Jul 21 15:23:44 2017,691704_691704-txt-p137_03_p1.pdf
Fri Jul 21 15:27:18 2017,691704_PL_691704_A-Text.pdf
Fri Jul 21 15:24:59 2017,691704_PL_691704_B-Cover.pdf
Fri Jul 21 15:32:26 2017,691700_6917009-txt-p137_03_p1.pdf
Fri Jul 21 15:33:28 2017,691700_PL_691700_A-Text.pdf
Fri Jul 21 15:33:18 2017,691700_PL_691700_B-Cover.pdf
Fri Jul 21 15:35:40 2017,691700_PL_691700_A-Text.pdf
Fri Jul 21 15:54:28 2017,687207_PL_687207_A 128pg Text.pdf
Fri Jul 21 15:53:55 2017,691702_PL_691702_A-Text.pdf
Fri Jul 21 15:54:12 2017,691702_PL_691702_B-Cover.pdf
Fri Jul 21 15:52:35 2017,691705_PL_691705-R1_A-Text.pdf
Fri Jul 21 15:50:07 2017,691705_PL_691705-R1_B-Cover.pdf
Fri Jul 21 15:55:57 2017,691702_PL_691702_A-Text.pdf
Fri Jul 21 17:10:30 2017,687207_AOFC_00_p1_AIFC_00_p1_BIFC_00_p1_BOFC_00_p1_Spine_p1.pdf
Fri Jul 21 18:04:05 2017,692393_682830-Eng_cover_01_p1-4.pdf
Fri Jul 21 18:03:07 2017,"692393_682830-Eng_text_01_p1,4,41-42,2-3.pdf"
Fri Jul 21 18:01:09 2017,"692393_682830-Eng_text_01_p5-13,15-19,21-40_687881_Eng_p12_01_p1_687881_Eng_p18_01_p1.pdf"
Fri Jul 21 20:09:36 2017,687207_A001_A071.pdf
Mon Jul 24 09:32:19 2017,689427-listed_P03.pdf
Mon Jul 24 09:34:52 2017,692399_692399-Chirp_00_p27.pdf
Mon Jul 24 10:29:19 2017,692134_2-T3-West-WC_01.pdf
Mon Jul 24 10:30:18 2017,692134_3-T4-West-WC_01.pdf
Mon Jul 24 10:27:36 2017,692273_PD-BX-00768_Issue1_p1.pdf
Mon Jul 24 10:39:15 2017,692397-BC-CARINA.pdf
Mon Jul 24 12:59:02 2017,692097_Cover-Proof2.pdf
Mon Jul 24 13:08:25 2017,692406-Text.pdf
Mon Jul 24 13:10:52 2017,692134_1-T1-2-WC_00.pdf
Mon Jul 24 13:07:18 2017,692134_10-T4-NC_00.pdf
Mon Jul 24 13:10:35 2017,692134_4-T3-4-East-WC_00.pdf
Mon Jul 24 13:10:10 2017,692134_5-HVYT1-WC_00.pdf
Mon Jul 24 13:06:46 2017,692134_6-HVYT4-WC_00.pdf
Mon Jul 24 13:06:59 2017,692134_7-T1-2-NC_00.pdf
Mon Jul 24 13:13:33 2017,692406-Text.pdf
Mon Jul 24 13:13:52 2017,692134_5-HVYT1-WC_00.pdf
Mon Jul 24 13:15:52 2017,692134_6-HVYT4-WC_00.pdf
Mon Jul 24 13:27:03 2017,689427-listed_P03.pdf
Mon Jul 24 13:50:47 2017,test_test-split_p1-2.pdf
Mon Jul 24 14:49:38 2017,692394_VOCADMIN_00.pdf
Mon Jul 24 15:41:24 2017,692035_692035-1_00_p1-16.pdf
Mon Jul 24 15:41:24 2017,692035-1_WB_00.pdf
Mon Jul 24 16:05:39 2017,691702_691702-txt-p14_01_p1.pdf
Mon Jul 24 16:05:49 2017,691702_691702-txt-p40_01_p1.pdf
Mon Jul 24 16:05:56 2017,691702_691702-txt-p62_03_p1.pdf
Mon Jul 24 16:06:03 2017,691702_691702-txt-p84_01_p1.pdf
Mon Jul 24 16:05:39 2017,691702-txt-p14_01.pdf
Mon Jul 24 16:05:49 2017,691702-txt-p40_01.pdf
Mon Jul 24 16:05:56 2017,691702-txt-p62_03.pdf
Mon Jul 24 16:06:03 2017,691702-txt-p84_01.pdf
Mon Jul 24 16:13:31 2017,692410-Map_EN_00.pdf
Mon Jul 24 16:13:35 2017,692410-Map_FR_00.pdf
Mon Jul 24 16:24:07 2017,691704-txt-p108_01.pdf
Mon Jul 24 16:23:58 2017,691704-txt-p14_01.pdf
Mon Jul 24 16:24:00 2017,691704-txt-p48_01.pdf
Mon Jul 24 16:24:03 2017,691704-txt-p78_03.pdf
Mon Jul 24 20:14:38 2017,692422-Env_00.pdf
Tue Jul 25 07:53:13 2017,"689700_689700-Blaze_00_p1-40,1-40,1-40,_RwKMFCHt.pdf"
Tue Jul 25 07:53:13 2017,689700-Blaze_00.pdf
Tue Jul 25 09:17:59 2017,687654_PL_687654.pdf
Tue Jul 25 09:24:02 2017,691414_PL_691414_112pg text.pdf
Tue Jul 25 09:23:40 2017,691414_PL_691414_8pg Cover.pdf
Tue Jul 25 09:20:40 2017,691448_PL_691448_64pg text.pdf
Tue Jul 25 09:21:01 2017,691448_PL_691448_Cover.pdf
Tue Jul 25 10:35:09 2017,692432-Env_00_p1.pdf
Tue Jul 25 11:57:53 2017,692438.pdf
Tue Jul 25 13:03:38 2017,685496_French.pdf
Tue Jul 25 13:05:35 2017,692302_692302-Test4_p1-8.pdf
