Tue May 16 12:09:08 2017,/Volumes/share/12x18_Folded_Nostitch/[_EFI_HotFolder_]/[MoveFolder]/20175161210270/688545_688545_All Versions_Press Sheet-008-008.pdf
Tue May 16 12:09:00 2017,/Volumes/share/12x18_Folded_Nostitch/[_EFI_HotFolder_]/[MoveFolder]/2017516121030/688545_688545_All Versions_Press Sheet-010-010.pdf
Tue May 16 12:09:09 2017,/Volumes/share/12x18_Folded_Nostitch/[_EFI_HotFolder_]/[MoveFolder]/20175161210500/688545_688545_All Versions_Press Sheet-009-009.pdf
Tue May 16 12:09:34 2017,/Volumes/share/12x18_Folded_Nostitch/[_EFI_HotFolder_]/[MoveFolder]/20175161211180/688545_688545_All Versions_Press Sheet-011-011.pdf
Tue May 16 12:09:44 2017,/Volumes/share/12x18_Folded_Nostitch/[_EFI_HotFolder_]/[MoveFolder]/20175161211360/688545_688545_All Versions_Press Sheet-012-012.pdf
Tue May 16 12:09:34 2017,/Volumes/share/12x18_Folded_Nostitch/[_EFI_HotFolder_]/[MoveFolder]/20175161211550/688545_688545_All Versions_Press Sheet-013-013.pdf
Tue May 16 12:10:10 2017,/Volumes/share/12x18_Folded_Nostitch/[_EFI_HotFolder_]/[MoveFolder]/20175161212380/688545_688545_All Versions_Press Sheet-014-014.pdf
Tue May 16 12:10:19 2017,/Volumes/share/12x18_Folded_Nostitch/[_EFI_HotFolder_]/[MoveFolder]/20175161212550/688545_688545_All Versions_Press Sheet-015-015.pdf
Tue May 16 12:10:11 2017,/Volumes/share/12x18_Folded_Nostitch/[_EFI_HotFolder_]/[MoveFolder]/20175161213160/688545_688545_All Versions_Press Sheet-016-016.pdf
Tue May 16 12:10:47 2017,/Volumes/share/12x18_Folded_Nostitch/[_EFI_HotFolder_]/[MoveFolder]/20175161213480/688545_688545_All Versions_Press Sheet-017-017.pdf
Tue May 16 12:10:47 2017,/Volumes/share/12x18_Folded_Nostitch/[_EFI_HotFolder_]/[MoveFolder]/20175161214180/688545_688545_All Versions_Press Sheet-019-019.pdf
Tue May 16 12:11:21 2017,/Volumes/share/12x18_Folded_Nostitch/[_EFI_HotFolder_]/[MoveFolder]/20175161214340/688545_688545_All Versions_Press Sheet-020-020.pdf
Tue May 16 12:10:53 2017,/Volumes/share/12x18_Folded_Nostitch/[_EFI_HotFolder_]/[MoveFolder]/2017516121440/688545_688545_All Versions_Press Sheet-018-018.pdf
Tue May 16 12:11:25 2017,/Volumes/share/12x18_Folded_Nostitch/[_EFI_HotFolder_]/[MoveFolder]/20175161214510/688545_688545_All Versions_Press Sheet-021-021.pdf
Tue May 16 12:11:53 2017,/Volumes/share/12x18_Folded_Nostitch/[_EFI_HotFolder_]/[MoveFolder]/20175161215260/688545_688545_All Versions_Press Sheet-023-023.pdf
Tue May 16 12:12:03 2017,/Volumes/share/12x18_Folded_Nostitch/[_EFI_HotFolder_]/[MoveFolder]/20175161215480/688545_688545_All Versions_Press Sheet-024-024.pdf
Tue May 16 12:11:22 2017,/Volumes/share/12x18_Folded_Nostitch/[_EFI_HotFolder_]/[MoveFolder]/2017516121570/688545_688545_All Versions_Press Sheet-022-022.pdf
Tue May 16 12:12:22 2017,/Volumes/share/12x18_Folded_Nostitch/[_EFI_HotFolder_]/[MoveFolder]/20175161216230/688545_688545_All Versions_Press Sheet-026-026.pdf
Tue May 16 12:12:28 2017,/Volumes/share/12x18_Folded_Nostitch/[_EFI_HotFolder_]/[MoveFolder]/20175161216490/688545_688545_All Versions_Press Sheet-027-027.pdf
Tue May 16 12:11:56 2017,/Volumes/share/12x18_Folded_Nostitch/[_EFI_HotFolder_]/[MoveFolder]/2017516121650/688545_688545_All Versions_Press Sheet-025-025.pdf
Tue May 16 12:04:20 2017,/Volumes/share/12x18_Folded_Nostitch/[_EFI_HotFolder_]/[MoveFolder]/2017516124400/688545_688545_All Versions_Press Sheet-001-001.pdf
Tue May 16 12:07:50 2017,/Volumes/share/12x18_Folded_Nostitch/[_EFI_HotFolder_]/[MoveFolder]/2017516128110/688545_688545_All Versions_Press Sheet-002-002.pdf
Tue May 16 12:07:49 2017,/Volumes/share/12x18_Folded_Nostitch/[_EFI_HotFolder_]/[MoveFolder]/2017516128130/688545_688545_All Versions_Press Sheet-003-003.pdf
Tue May 16 12:07:50 2017,/Volumes/share/12x18_Folded_Nostitch/[_EFI_HotFolder_]/[MoveFolder]/2017516128290/688545_688545_All Versions_Press Sheet-004-004.pdf
Tue May 16 12:08:28 2017,/Volumes/share/12x18_Folded_Nostitch/[_EFI_HotFolder_]/[MoveFolder]/2017516129280/688545_688545_All Versions_Press Sheet-007-007.pdf
Tue May 16 12:08:28 2017,/Volumes/share/12x18_Folded_Nostitch/[_EFI_HotFolder_]/[MoveFolder]/201751612950/688545_688545_All Versions_Press Sheet-005-005.pdf
Tue May 16 12:08:28 2017,/Volumes/share/12x18_Folded_Nostitch/[_EFI_HotFolder_]/[MoveFolder]/201751612980/688545_688545_All Versions_Press Sheet-006-006.pdf
Tue May 16 15:33:56 2017,/Volumes/share/12x18_Folded_Nostitch/[_EFI_HotFolder_]/[MoveFolder]/20175161534130/689745_689745_Sig.1 Nwstd-Nwstd.pdf
Tue May 16 15:34:02 2017,/Volumes/share/12x18_Folded_Nostitch/[_EFI_HotFolder_]/[MoveFolder]/20175161534260/689745_689745_Sig.1 Subs-Subs.pdf
Tue May 16 15:34:44 2017,/Volumes/share/12x18_Folded_Nostitch/[_EFI_HotFolder_]/[MoveFolder]/2017516153510/689745_689745_Sig 4 common-Nwstd.pdf
Tue May 16 15:34:43 2017,/Volumes/share/12x18_Folded_Nostitch/[_EFI_HotFolder_]/[MoveFolder]/20175161535160/689745_689745_Sig.3 common-Nwstd.pdf
Tue May 16 15:34:50 2017,/Volumes/share/12x18_Folded_Nostitch/[_EFI_HotFolder_]/[MoveFolder]/20175161535370/689745_689745_Sig.5 common-Nwstd.pdf
Tue May 16 15:35:00 2017,/Volumes/share/12x18_Folded_Nostitch/[_EFI_HotFolder_]/[MoveFolder]/20175161535510/689745_689745_Sig.6 common-Nwstd.pdf
Tue May 16 15:34:41 2017,/Volumes/share/12x18_Folded_Nostitch/[_EFI_HotFolder_]/[MoveFolder]/2017516153570/689745_689745_Sig.2 common-Nwstd.pdf
Wed May 17 08:31:25 2017,/Volumes/share/12x18_Folded_Nostitch/[_EFI_HotFolder_]/[MoveFolder]/2017517831370/688545_688545_All Versions_Press Sheet-005-005.pdf
Wed May 17 09:12:43 2017,/Volumes/share/12x18_Folded_Nostitch/[_EFI_HotFolder_]/[MoveFolder]/201751791320/689745_689745_Sg1-Nwstd-Nwstd.pdf
Wed May 17 09:12:44 2017,/Volumes/share/12x18_Folded_Nostitch/[_EFI_HotFolder_]/[MoveFolder]/201751791350/689745_689745_Sg1-Subs-Subs.pdf
Tue May 16 10:55:02 2017,/Volumes/share/12x18_Folded_Stitched/[_EFI_HotFolder_]/[MoveFolder]/20175161055190/690060_690060_FB 001_p1-8.pdf
Tue May 16 11:23:22 2017,/Volumes/share/12x18_Folded_Stitched/[_EFI_HotFolder_]/[MoveFolder]/20175161123370/690429_690429_Sig001_p1-16.pdf
Tue May 16 11:27:12 2017,/Volumes/share/12x18_Folded_Stitched/[_EFI_HotFolder_]/[MoveFolder]/20175161127340/690429_690429_Sig002_p1-16.pdf
Tue May 16 11:27:43 2017,/Volumes/share/12x18_Folded_Stitched/[_EFI_HotFolder_]/[MoveFolder]/20175161128390/690429_690429_Sig-3_p1-2.pdf
Tue May 16 11:28:55 2017,/Volumes/share/12x18_Folded_Stitched/[_EFI_HotFolder_]/[MoveFolder]/20175161129160/690429_690429_Sig-5_p1-4.pdf
Tue May 16 11:32:43 2017,/Volumes/share/12x18_Folded_Stitched/[_EFI_HotFolder_]/[MoveFolder]/2017516113300/690429_690429_Sig004_p1-16.pdf
Tue May 16 11:36:59 2017,/Volumes/share/12x18_Folded_Stitched/[_EFI_HotFolder_]/[MoveFolder]/20175161137170/690429_690429_Sig006_p1-16.pdf
Tue May 16 11:41:18 2017,/Volumes/share/12x18_Folded_Stitched/[_EFI_HotFolder_]/[MoveFolder]/20175161141330/690429_690429_Sig007_p1-16.pdf
Tue May 16 11:05:34 2017,/Volumes/share/12x18_Folded_Stitched/[_EFI_HotFolder_]/[MoveFolder]/2017516115540/690601_690601_Sg1_12pg + Sg2_8pg_p1-10.pdf
Tue May 16 12:26:03 2017,/Volumes/share/12x18_Folded_Stitched/[_EFI_HotFolder_]/[MoveFolder]/20175161226140/688272_688272_Cover_FB 001_Work-and-turn_p1-2.pdf
Tue May 16 12:28:04 2017,/Volumes/share/12x18_Folded_Stitched/[_EFI_HotFolder_]/[MoveFolder]/20175161228330/689227_689227_Boston-Sg1-16pg-Boston.pdf
Tue May 16 12:27:53 2017,/Volumes/share/12x18_Folded_Stitched/[_EFI_HotFolder_]/[MoveFolder]/2017516122890/689227_689227_Ortiz-Sg1-16pg-Ortiz.pdf
Tue May 16 12:29:19 2017,/Volumes/share/12x18_Folded_Stitched/[_EFI_HotFolder_]/[MoveFolder]/20175161229380/688272_688272_Sig-1_p1-16.pdf
Tue May 16 12:31:37 2017,/Volumes/share/12x18_Folded_Stitched/[_EFI_HotFolder_]/[MoveFolder]/20175161231520/689227_689227_Boston-Sg1-16pg-Boston_p1-8.pdf
Tue May 16 12:33:39 2017,/Volumes/share/12x18_Folded_Stitched/[_EFI_HotFolder_]/[MoveFolder]/20175161233530/689227_689227_Common-Sg2-16pg-Boston_p1-8.pdf
Tue May 16 12:44:39 2017,/Volumes/share/12x18_Folded_Stitched/[_EFI_HotFolder_]/[MoveFolder]/20175161244540/689784_689784_Sig.2 16pg_p1-8.pdf
Tue May 16 12:47:03 2017,/Volumes/share/12x18_Folded_Stitched/[_EFI_HotFolder_]/[MoveFolder]/20175161247210/689784_689784_Sig.3 16pg_p1-8.pdf
Tue May 16 12:49:15 2017,/Volumes/share/12x18_Folded_Stitched/[_EFI_HotFolder_]/[MoveFolder]/20175161249330/689784_689784_Sig.1 16pg_p1-8.pdf
Tue May 16 12:50:18 2017,/Volumes/share/12x18_Folded_Stitched/[_EFI_HotFolder_]/[MoveFolder]/20175161250330/689784_689784_Sig.4 8pg_p1-4.pdf
Tue May 16 13:11:08 2017,/Volumes/share/12x18_Folded_Stitched/[_EFI_HotFolder_]/[MoveFolder]/20175161311270/685806_685806_Sig003_p1-16.pdf
Tue May 16 13:03:21 2017,/Volumes/share/12x18_Folded_Stitched/[_EFI_HotFolder_]/[MoveFolder]/2017516133360/685806_685806_Cvr-Sg1-4pg_p1-2.pdf
Tue May 16 13:07:28 2017,/Volumes/share/12x18_Folded_Stitched/[_EFI_HotFolder_]/[MoveFolder]/2017516137400/685806_685806_Sig002_p1-16.pdf
Tue May 16 14:35:32 2017,/Volumes/share/12x18_Folded_Stitched/[_EFI_HotFolder_]/[MoveFolder]/20175161435530/689784_689784_Sig.5 16pg_p1-8.pdf
Tue May 16 16:29:05 2017,/Volumes/share/12x18_Folded_Stitched/[_EFI_HotFolder_]/[MoveFolder]/20175161629210/688272_688272_Cover_FB 001_Work-and-turn_p1-2.pdf
Tue May 16 18:38:10 2017,/Volumes/share/12x18_Folded_Stitched/[_EFI_HotFolder_]/[MoveFolder]/20175161838250/686978_686978_Cover_Work-and-turn_p1-4.pdf
Tue May 16 18:40:38 2017,/Volumes/share/12x18_Folded_Stitched/[_EFI_HotFolder_]/[MoveFolder]/20175161840530/686978_686978_Sig-1_p1-8.pdf
Tue May 16 18:43:33 2017,/Volumes/share/12x18_Folded_Stitched/[_EFI_HotFolder_]/[MoveFolder]/20175161843450/686978_686978_Sig-2_p1-8.pdf
Tue May 16 18:46:24 2017,/Volumes/share/12x18_Folded_Stitched/[_EFI_HotFolder_]/[MoveFolder]/20175161846370/686978_686978_Sig-3_p1-8.pdf
Tue May 16 18:49:37 2017,/Volumes/share/12x18_Folded_Stitched/[_EFI_HotFolder_]/[MoveFolder]/20175161849530/686978_686978_Sig-4_p1-8.pdf
Tue May 16 18:50:45 2017,/Volumes/share/12x18_Folded_Stitched/[_EFI_HotFolder_]/[MoveFolder]/20175161850560/690212_690212_Fre-Sg1_16pg-2up same_p1-8.pdf
Tue May 16 18:51:29 2017,/Volumes/share/12x18_Folded_Stitched/[_EFI_HotFolder_]/[MoveFolder]/20175161851490/690212_690212_Fre-Sg2_16pg-2up same_p1-8.pdf
Tue May 16 18:52:12 2017,/Volumes/share/12x18_Folded_Stitched/[_EFI_HotFolder_]/[MoveFolder]/20175161852320/690212_690212_Fre-Sg3_16pg-2up same_p1-8.pdf
Tue May 16 22:27:02 2017,/Volumes/share/12x18_Folded_Stitched/[_EFI_HotFolder_]/[MoveFolder]/20175162227190/690520_690520_Fre-Sg1_16pg-2up same_p1-8.pdf
Tue May 16 22:27:42 2017,/Volumes/share/12x18_Folded_Stitched/[_EFI_HotFolder_]/[MoveFolder]/2017516222820/690520_690520_Fre-Sg2_16pg-2up same_p1-8.pdf
Tue May 16 22:28:22 2017,/Volumes/share/12x18_Folded_Stitched/[_EFI_HotFolder_]/[MoveFolder]/20175162228340/690520_690520_Fre-Sg3_16pg-2up same_p1-8.pdf
Tue May 16 22:29:13 2017,/Volumes/share/12x18_Folded_Stitched/[_EFI_HotFolder_]/[MoveFolder]/20175162229290/690520_690520_Fre-Sg5_8pg-4up same_p1-4.pdf
Tue May 16 22:28:53 2017,/Volumes/share/12x18_Folded_Stitched/[_EFI_HotFolder_]/[MoveFolder]/2017516222970/690520_690520_Fre-Sg4_parallel 12pg-2up same_p1-6.pdf
Tue May 16 22:06:36 2017,/Volumes/share/12x18_Folded_Stitched/[_EFI_HotFolder_]/[MoveFolder]/2017516226480/690545_690545_Sig1 16pg_p1-8.pdf
Tue May 16 22:07:46 2017,/Volumes/share/12x18_Folded_Stitched/[_EFI_HotFolder_]/[MoveFolder]/201751622830/690545_690545_Sig3 16pg_p1-8.pdf
Tue May 16 22:09:05 2017,/Volumes/share/12x18_Folded_Stitched/[_EFI_HotFolder_]/[MoveFolder]/2017516229160/690545_690545_Sig4 16pg_p1-8.pdf
Tue May 16 23:16:48 2017,/Volumes/share/12x18_Folded_Stitched/[_EFI_HotFolder_]/[MoveFolder]/2017516231720/687052_687052 rev_B Cover .125 spine-Rev_FB 001_p1-2.pdf
Wed May 17 06:07:41 2017,/Volumes/share/12x18_Folded_Stitched/[_EFI_HotFolder_]/[MoveFolder]/201751767570/690306_690306_1x8pp 1f + 1b_Work-and-turn_p1-4.pdf
Wed May 17 07:59:40 2017,/Volumes/share/12x18_Folded_Stitched/[_EFI_HotFolder_]/[MoveFolder]/2017517759510/689567_689567_Cover_p1-2.pdf
Wed May 17 07:58:54 2017,/Volumes/share/12x18_Folded_Stitched/[_EFI_HotFolder_]/[MoveFolder]/201751775990/689567_689567_Cover_p1-2.pdf
Wed May 17 08:10:30 2017,/Volumes/share/12x18_Folded_Stitched/[_EFI_HotFolder_]/[MoveFolder]/2017517810500/689567_689567_Sig-3_p1-16.pdf
Wed May 17 08:06:24 2017,/Volumes/share/12x18_Folded_Stitched/[_EFI_HotFolder_]/[MoveFolder]/201751786450/689567_689567_Sig-1_p1-16.pdf
Wed May 17 08:08:39 2017,/Volumes/share/12x18_Folded_Stitched/[_EFI_HotFolder_]/[MoveFolder]/201751788570/689567_689567_Sig-2_p1-16.pdf
Wed May 17 09:52:08 2017,/Volumes/share/12x18_Folded_Stitched/[_EFI_HotFolder_]/[MoveFolder]/2017517952250/690129_690129_Sig-1-French_p1-2.pdf
Wed May 17 09:51:44 2017,/Volumes/share/12x18_Folded_Stitched/[_EFI_HotFolder_]/[MoveFolder]/201751795230/690129_690129_Sig-1-English_p1-2.pdf
Wed May 17 09:52:57 2017,/Volumes/share/12x18_Folded_Stitched/[_EFI_HotFolder_]/[MoveFolder]/201751795380/690129_690129_Sig-3 Bilingual_p1-4.pdf
Tue May 16 10:20:01 2017,/Volumes/share/13x19/[_EFI_HotFolder_]/[MoveFolder]/20175161020150/690568_690568_5up same_p1-2.pdf
Tue May 16 10:24:39 2017,/Volumes/share/13x19/[_EFI_HotFolder_]/[MoveFolder]/20175161024570/690568_690568_5up same_p1-2.pdf
Tue May 16 10:29:07 2017,/Volumes/share/13x19/[_EFI_HotFolder_]/[MoveFolder]/20175161029190/690568_690568_5up same_p1-2.pdf
Tue May 16 10:52:49 2017,/Volumes/share/13x19/[_EFI_HotFolder_]/[MoveFolder]/2017516105310/690568_690568_5up same_p1-2.pdf
Tue May 16 10:55:14 2017,/Volumes/share/13x19/[_EFI_HotFolder_]/[MoveFolder]/20175161055360/690568_690568_5up same_p1-2.pdf
Tue May 16 10:07:30 2017,/Volumes/share/13x19/[_EFI_HotFolder_]/[MoveFolder]/2017516107500/687846_687846_Sig.2 16pg_p1-8.pdf
Tue May 16 11:42:36 2017,/Volumes/share/13x19/[_EFI_HotFolder_]/[MoveFolder]/20175161142580/690429_690429_Cover_p1-4.pdf
Tue May 16 11:05:50 2017,/Volumes/share/13x19/[_EFI_HotFolder_]/[MoveFolder]/201751611680/690589_690589_8up letterhead + 1up second sheet_Single-sided_p1.pdf
Tue May 16 11:08:44 2017,/Volumes/share/13x19/[_EFI_HotFolder_]/[MoveFolder]/201751611900/690589_690589_8up letterhead + 1up second sheet_Single-sided_p1-2.pdf
Tue May 16 12:51:31 2017,/Volumes/share/13x19/[_EFI_HotFolder_]/[MoveFolder]/20175161251480/689784_689784_Cover_p1-4.pdf
Tue May 16 15:09:29 2017,/Volumes/share/13x19/[_EFI_HotFolder_]/[MoveFolder]/2017516159430/687846_687846_Cover_p1-4.pdf
Tue May 16 21:59:35 2017,/Volumes/share/13x19/[_EFI_HotFolder_]/[MoveFolder]/20175162159520/690458_690458_Cover_p1-2.pdf
Wed May 17 00:03:27 2017,/Volumes/share/13x19/[_EFI_HotFolder_]/[MoveFolder]/201751703420/690451_690451_Sg1-Cvr-4pg_p1-2.pdf
Tue May 16 10:42:11 2017,/Volumes/share/Flat/[_EFI_HotFolder_]/[MoveFolder]/20175161042250/690566_690566_16up same_F.pdf
Tue May 16 10:52:33 2017,/Volumes/share/Flat/[_EFI_HotFolder_]/[MoveFolder]/20175161052470/690060_690060_FB 001.pdf
Tue May 16 10:52:39 2017,/Volumes/share/Flat/[_EFI_HotFolder_]/[MoveFolder]/20175161052590/690567_690567_8up same.pdf
Tue May 16 11:15:43 2017,/Volumes/share/Flat/[_EFI_HotFolder_]/[MoveFolder]/20175161115570/690429_690429_Sig-1_W1.pdf
Tue May 16 11:16:11 2017,/Volumes/share/Flat/[_EFI_HotFolder_]/[MoveFolder]/20175161116300/690429_690429_Sig-1_W2.pdf
Tue May 16 11:16:36 2017,/Volumes/share/Flat/[_EFI_HotFolder_]/[MoveFolder]/20175161116520/690429_690429_Sig-2_W1.pdf
Tue May 16 11:17:02 2017,/Volumes/share/Flat/[_EFI_HotFolder_]/[MoveFolder]/20175161117170/690429_690429_Sig-3.pdf
Tue May 16 11:17:16 2017,/Volumes/share/Flat/[_EFI_HotFolder_]/[MoveFolder]/20175161117410/690429_690429_Sig-4_W1.pdf
Tue May 16 11:16:51 2017,/Volumes/share/Flat/[_EFI_HotFolder_]/[MoveFolder]/2017516111750/690429_690429_Sig-2_W2.pdf
Tue May 16 11:17:31 2017,/Volumes/share/Flat/[_EFI_HotFolder_]/[MoveFolder]/20175161117530/690429_690429_Sig-4_W2.pdf
Tue May 16 11:18:02 2017,/Volumes/share/Flat/[_EFI_HotFolder_]/[MoveFolder]/20175161118190/690429_690429_Sig-6_W1.pdf
Tue May 16 11:18:20 2017,/Volumes/share/Flat/[_EFI_HotFolder_]/[MoveFolder]/20175161118450/690429_690429_Sig-6_W2.pdf
Tue May 16 11:17:46 2017,/Volumes/share/Flat/[_EFI_HotFolder_]/[MoveFolder]/2017516111860/690429_690429_Sig-5.pdf
Tue May 16 11:18:39 2017,/Volumes/share/Flat/[_EFI_HotFolder_]/[MoveFolder]/2017516111910/690429_690429_Sig-7_W1.pdf
Tue May 16 11:18:54 2017,/Volumes/share/Flat/[_EFI_HotFolder_]/[MoveFolder]/20175161119130/690429_690429_Sig-7_W2.pdf
Tue May 16 11:19:06 2017,/Volumes/share/Flat/[_EFI_HotFolder_]/[MoveFolder]/20175161119250/690429_690429_Cover.pdf
Tue May 16 11:04:38 2017,/Volumes/share/Flat/[_EFI_HotFolder_]/[MoveFolder]/2017516114520/690601_690601_Sg1_12pg + Sg2_8pg.pdf
Tue May 16 11:58:00 2017,/Volumes/share/Flat/[_EFI_HotFolder_]/[MoveFolder]/20175161158180/690596_690596_No 10 Envelope_F.pdf
Tue May 16 11:06:12 2017,/Volumes/share/Flat/[_EFI_HotFolder_]/[MoveFolder]/2017516116240/690601_690601_Sg1_12pg + Sg2_8pg.pdf
Tue May 16 12:12:18 2017,/Volumes/share/Flat/[_EFI_HotFolder_]/[MoveFolder]/20175161212310/688272_688272_Cover_FB 001_F.pdf
Tue May 16 12:12:50 2017,/Volumes/share/Flat/[_EFI_HotFolder_]/[MoveFolder]/2017516121330/688272_688272_Sig-1.pdf
Tue May 16 12:23:13 2017,/Volumes/share/Flat/[_EFI_HotFolder_]/[MoveFolder]/20175161223280/689227_689227_Boston-Sg1-16pg-Boston.pdf
Tue May 16 12:23:27 2017,/Volumes/share/Flat/[_EFI_HotFolder_]/[MoveFolder]/20175161223410/689227_689227_Ortiz-Sg1-16pg-Ortiz.pdf
Tue May 16 12:23:42 2017,/Volumes/share/Flat/[_EFI_HotFolder_]/[MoveFolder]/2017516122430/689227_689227_Common-Sg2-16pg-Boston.pdf
Tue May 16 12:38:02 2017,/Volumes/share/Flat/[_EFI_HotFolder_]/[MoveFolder]/20175161238180/688545_688545_All Versions_Press Sheet-010-010.pdf
Tue May 16 12:37:53 2017,/Volumes/share/Flat/[_EFI_HotFolder_]/[MoveFolder]/2017516123860/688545_688545_All Versions_Press Sheet-001-001.pdf
Tue May 16 12:41:23 2017,/Volumes/share/Flat/[_EFI_HotFolder_]/[MoveFolder]/20175161241410/689784_689784_Sig.1 16pg.pdf
Tue May 16 12:41:36 2017,/Volumes/share/Flat/[_EFI_HotFolder_]/[MoveFolder]/20175161241530/689784_689784_Sig.2 16pg.pdf
Tue May 16 12:42:03 2017,/Volumes/share/Flat/[_EFI_HotFolder_]/[MoveFolder]/20175161242180/689784_689784_Sig.4 8pg.pdf
Tue May 16 12:42:15 2017,/Volumes/share/Flat/[_EFI_HotFolder_]/[MoveFolder]/20175161242300/689784_689784_Sig.5 16pg.pdf
Tue May 16 12:42:27 2017,/Volumes/share/Flat/[_EFI_HotFolder_]/[MoveFolder]/20175161242420/689784_689784_Cover.pdf
Tue May 16 12:41:51 2017,/Volumes/share/Flat/[_EFI_HotFolder_]/[MoveFolder]/2017516124260/689784_689784_Sig.3 16pg.pdf
Tue May 16 12:51:59 2017,/Volumes/share/Flat/[_EFI_HotFolder_]/[MoveFolder]/20175161252190/685806_685806_Sg2-32pg_W1.pdf
Tue May 16 12:52:16 2017,/Volumes/share/Flat/[_EFI_HotFolder_]/[MoveFolder]/20175161252320/685806_685806_Sg2-32pg_W2.pdf
Tue May 16 12:52:31 2017,/Volumes/share/Flat/[_EFI_HotFolder_]/[MoveFolder]/20175161252550/685806_685806_Sg3-32pg_W1.pdf
Tue May 16 12:51:45 2017,/Volumes/share/Flat/[_EFI_HotFolder_]/[MoveFolder]/2017516125260/685806_685806_Cvr-Sg1-4pg.pdf
Tue May 16 12:52:44 2017,/Volumes/share/Flat/[_EFI_HotFolder_]/[MoveFolder]/2017516125370/685806_685806_Sg3-32pg_W2.pdf
Tue May 16 13:45:22 2017,/Volumes/share/Flat/[_EFI_HotFolder_]/[MoveFolder]/20175161345400/690482_690482_2frt + 2bck Cover_Work-and-turn.pdf
Tue May 16 13:45:25 2017,/Volumes/share/Flat/[_EFI_HotFolder_]/[MoveFolder]/20175161345420/690482_690482_Text-16pg.pdf
Tue May 16 15:33:13 2017,/Volumes/share/Flat/[_EFI_HotFolder_]/[MoveFolder]/20175161533250/689745_689745_Sig.2 common-Nwstd.pdf
Tue May 16 15:33:21 2017,/Volumes/share/Flat/[_EFI_HotFolder_]/[MoveFolder]/20175161533380/689745_689745_Sig.3 common-Nwstd.pdf
Tue May 16 15:33:30 2017,/Volumes/share/Flat/[_EFI_HotFolder_]/[MoveFolder]/20175161533500/689745_689745_Sig 4 common-Nwstd.pdf
Tue May 16 15:33:37 2017,/Volumes/share/Flat/[_EFI_HotFolder_]/[MoveFolder]/2017516153420/689745_689745_Sig.5 common-Nwstd.pdf
Tue May 16 15:33:47 2017,/Volumes/share/Flat/[_EFI_HotFolder_]/[MoveFolder]/2017516153440/689745_689745_Sig.6 common-Nwstd.pdf
Tue May 16 18:31:54 2017,/Volumes/share/Flat/[_EFI_HotFolder_]/[MoveFolder]/20175161832100/686978_686978_Cover_Work-and-turn.pdf
Tue May 16 18:31:55 2017,/Volumes/share/Flat/[_EFI_HotFolder_]/[MoveFolder]/20175161832110/686978_686978_Sig-1.pdf
Tue May 16 18:31:49 2017,/Volumes/share/Flat/[_EFI_HotFolder_]/[MoveFolder]/20175161832150/686978_686978_Sig-2.pdf
Tue May 16 18:31:50 2017,/Volumes/share/Flat/[_EFI_HotFolder_]/[MoveFolder]/20175161832180/686978_686978_Sig-3.pdf
Tue May 16 18:32:06 2017,/Volumes/share/Flat/[_EFI_HotFolder_]/[MoveFolder]/20175161832310/686978_686978_Sig-4.pdf
Tue May 16 18:35:51 2017,/Volumes/share/Flat/[_EFI_HotFolder_]/[MoveFolder]/2017516183630/690523_690523_4up each of 2_F.pdf
Tue May 16 20:44:18 2017,/Volumes/share/Flat/[_EFI_HotFolder_]/[MoveFolder]/20175162044350/690565_690565_16up same_F.pdf
Tue May 16 21:24:05 2017,/Volumes/share/Flat/[_EFI_HotFolder_]/[MoveFolder]/20175162124200/690458_690458_Sig.2 16pg.pdf
Tue May 16 21:24:05 2017,/Volumes/share/Flat/[_EFI_HotFolder_]/[MoveFolder]/20175162124220/690458_690458_Sig.3 16pg.pdf
Tue May 16 21:24:08 2017,/Volumes/share/Flat/[_EFI_HotFolder_]/[MoveFolder]/20175162124350/690458_690458_Sig.1 16pg.pdf
Tue May 16 21:24:14 2017,/Volumes/share/Flat/[_EFI_HotFolder_]/[MoveFolder]/20175162124380/690458_690458_Sig.4 16pg.pdf
Tue May 16 21:24:15 2017,/Volumes/share/Flat/[_EFI_HotFolder_]/[MoveFolder]/20175162124410/690458_690458_Sig.5 16pg.pdf
Tue May 16 21:24:15 2017,/Volumes/share/Flat/[_EFI_HotFolder_]/[MoveFolder]/20175162124440/690458_690458_Sig.6 16pg.pdf
Tue May 16 21:44:57 2017,/Volumes/share/Flat/[_EFI_HotFolder_]/[MoveFolder]/20175162145170/690458_690458_Cover.pdf
Tue May 16 22:12:48 2017,/Volumes/share/Flat/[_EFI_HotFolder_]/[MoveFolder]/2017516221300/690512_690512_8up same_Single-sided.pdf
Tue May 16 22:22:36 2017,/Volumes/share/Flat/[_EFI_HotFolder_]/[MoveFolder]/20175162222540/690520_690520_Fre-Sg1_16pg-2up same.pdf
Tue May 16 22:22:36 2017,/Volumes/share/Flat/[_EFI_HotFolder_]/[MoveFolder]/20175162222560/690520_690520_Fre-Sg2_16pg-2up same.pdf
Tue May 16 22:22:36 2017,/Volumes/share/Flat/[_EFI_HotFolder_]/[MoveFolder]/20175162222580/690520_690520_Fre-Sg3_16pg-2up same.pdf
Tue May 16 22:22:38 2017,/Volumes/share/Flat/[_EFI_HotFolder_]/[MoveFolder]/2017516222300/690520_690520_Fre-Sg4_parallel 12pg-2up same.pdf
Tue May 16 22:22:38 2017,/Volumes/share/Flat/[_EFI_HotFolder_]/[MoveFolder]/2017516222320/690520_690520_Fre-Sg5_8pg-4up same.pdf
Tue May 16 22:37:14 2017,/Volumes/share/Flat/[_EFI_HotFolder_]/[MoveFolder]/20175162237360/690451_690451_Sg1-Cvr-4pg.pdf
Tue May 16 22:37:25 2017,/Volumes/share/Flat/[_EFI_HotFolder_]/[MoveFolder]/20175162237490/690451_690451_Sg2-16pg.pdf
Tue May 16 22:37:26 2017,/Volumes/share/Flat/[_EFI_HotFolder_]/[MoveFolder]/20175162237510/690451_690451_Sg3-16pg.pdf
Tue May 16 23:08:02 2017,/Volumes/share/Flat/[_EFI_HotFolder_]/[MoveFolder]/2017516238160/687052_687052 rev_B Cover .125 spine-Rev_FB 001.pdf
Tue May 16 23:07:56 2017,/Volumes/share/Flat/[_EFI_HotFolder_]/[MoveFolder]/2017516238180/687052_687052 rev_Sig.1 16pg.pdf
Tue May 16 23:07:57 2017,/Volumes/share/Flat/[_EFI_HotFolder_]/[MoveFolder]/2017516238200/687052_687052 rev_Sig.2 16pg.pdf
Tue May 16 23:07:57 2017,/Volumes/share/Flat/[_EFI_HotFolder_]/[MoveFolder]/2017516238220/687052_687052 rev_Sig.3 16pg.pdf
Tue May 16 23:07:58 2017,/Volumes/share/Flat/[_EFI_HotFolder_]/[MoveFolder]/2017516238250/687052_687052 rev_Sig.4 16pg.pdf
Wed May 17 10:43:52 2017,/Volumes/share/Flat/[_EFI_HotFolder_]/[MoveFolder]/20175171044110/690567_690567_8up same.pdf
Wed May 17 10:53:19 2017,/Volumes/share/Flat/[_EFI_HotFolder_]/[MoveFolder]/20175171053330/690567_690567_8up same.pdf
Wed May 17 10:06:24 2017,/Volumes/share/Flat/[_EFI_HotFolder_]/[MoveFolder]/2017517106360/688545_688545_All Versions_Press Sheet-010-010.pdf
Wed May 17 10:06:33 2017,/Volumes/share/Flat/[_EFI_HotFolder_]/[MoveFolder]/2017517106480/688545_688545_All Versions_Press Sheet-011-011.pdf
Wed May 17 06:06:59 2017,/Volumes/share/Flat/[_EFI_HotFolder_]/[MoveFolder]/201751767170/690306_690306_1x8pp 1f + 1b_F.pdf
Wed May 17 07:58:26 2017,/Volumes/share/Flat/[_EFI_HotFolder_]/[MoveFolder]/2017517758400/689567_689567_Cover.pdf
Wed May 17 07:58:25 2017,/Volumes/share/Flat/[_EFI_HotFolder_]/[MoveFolder]/2017517758420/689745_689745_Sg1-Subs-01-4Subs.pdf
Wed May 17 07:58:36 2017,/Volumes/share/Flat/[_EFI_HotFolder_]/[MoveFolder]/2017517758540/689745_689745_Sg1-Nwstd-01-4Nwstd.pdf
Wed May 17 07:59:03 2017,/Volumes/share/Flat/[_EFI_HotFolder_]/[MoveFolder]/2017517759170/689567_689567_Sig-1.pdf
Wed May 17 07:59:12 2017,/Volumes/share/Flat/[_EFI_HotFolder_]/[MoveFolder]/2017517759300/689567_689567_Sig-2.pdf
Wed May 17 07:59:23 2017,/Volumes/share/Flat/[_EFI_HotFolder_]/[MoveFolder]/2017517759420/689567_689567_Sig-3.pdf
Wed May 17 08:10:41 2017,/Volumes/share/Flat/[_EFI_HotFolder_]/[MoveFolder]/2017517810570/690186_690186 ENGLISH_E-Sg2 16pg-1-01-2E01-3288.pdf
Wed May 17 08:11:51 2017,/Volumes/share/Flat/[_EFI_HotFolder_]/[MoveFolder]/2017517812110/690186_690186 ENGLISH_E-Sg2 16pg-1-01-2E01-3288.pdf
Wed May 17 08:12:19 2017,/Volumes/share/Flat/[_EFI_HotFolder_]/[MoveFolder]/2017517812340/690186_690186 ENGLISH_E-Sg2 16pg-2-01-2-Versions.pdf
Wed May 17 08:35:46 2017,/Volumes/share/Flat/[_EFI_HotFolder_]/[MoveFolder]/201751783670/690186_690186 ENGLISH_E-Sg2 16pg-1-01-2E01-3288.pdf
Wed May 17 08:52:41 2017,/Volumes/share/Flat/[_EFI_HotFolder_]/[MoveFolder]/2017517852590/689745_689745_Sg1-Nwstd-01-4Nwstd_Front_PAN3955C.pdf
Wed May 17 08:05:14 2017,/Volumes/share/Flat/[_EFI_HotFolder_]/[MoveFolder]/201751785350/690186_690186 ENGLISH_E-Sg2 16pg-1-01-2E01-3288.pdf
Wed May 17 09:17:55 2017,/Volumes/share/Flat/[_EFI_HotFolder_]/[MoveFolder]/2017517918160/690621_690621_Miquelon Brochure_F.pdf
Wed May 17 09:17:51 2017,/Volumes/share/Flat/[_EFI_HotFolder_]/[MoveFolder]/201751791840/690621_690621_St. Pierre brochure_F.pdf
Wed May 17 09:48:39 2017,/Volumes/share/Flat/[_EFI_HotFolder_]/[MoveFolder]/2017517948590/690129_690129_Sig-1-English.pdf
Wed May 17 09:48:55 2017,/Volumes/share/Flat/[_EFI_HotFolder_]/[MoveFolder]/2017517949110/690129_690129_Sig-1-French.pdf
Wed May 17 09:49:22 2017,/Volumes/share/Flat/[_EFI_HotFolder_]/[MoveFolder]/2017517949430/690129_690129_Sig-3 Bilingual.pdf
Wed May 17 09:06:45 2017,/Volumes/share/Flat/[_EFI_HotFolder_]/[MoveFolder]/20175179710/690606_690606_Fm1-1up kitfolder_F.pdf
Wed May 17 10:48:15 2017,/Volumes/share/Flat-Perfecting/[_EFI_HotFolder_]/[MoveFolder]/20175171048260/690577_690577_14up same.pdf
Wed May 17 10:49:24 2017,/Volumes/share/Flat-Perfecting/[_EFI_HotFolder_]/[MoveFolder]/20175171049380/690577_690577_14up same.pdf
Wed May 17 10:57:31 2017,/Volumes/share/Flat-Perfecting/[_EFI_HotFolder_]/[MoveFolder]/20175171057500/690577_690577_14up same.pdf
Wed May 17 08:41:06 2017,/Volumes/share/Flat-Perfecting/[_EFI_HotFolder_]/[MoveFolder]/2017517841170/690627_690627_Fm1-16up of 2 diff Cards.pdf
Wed May 17 08:46:36 2017,/Volumes/share/Flat-Perfecting/[_EFI_HotFolder_]/[MoveFolder]/2017517846490/690186_690186 ENGLISH_E-Sg2 16pg-1-01-2E01-3288.pdf
Wed May 17 08:52:37 2017,/Volumes/share/Flat-Perfecting/[_EFI_HotFolder_]/[MoveFolder]/2017517852520/689745_689745_Sg1-Nwstd-01-4Nwstd.pdf
Wed May 17 08:52:46 2017,/Volumes/share/Flat-Perfecting/[_EFI_HotFolder_]/[MoveFolder]/201751785340/689745_689745_Sg1-Subs-01-4Subs.pdf
Tue May 16 10:42:17 2017,/Volumes/share/Single/[_EFI_HotFolder_]/[MoveFolder]/20175161042360/690566_690566_16up same_Single-sided_p1.pdf
Tue May 16 10:08:04 2017,/Volumes/share/Single/[_EFI_HotFolder_]/[MoveFolder]/2017516108210/690502_690502_Eng Cover_p1-4.pdf
Tue May 16 10:08:29 2017,/Volumes/share/Single/[_EFI_HotFolder_]/[MoveFolder]/2017516108440/690502_690502_Fre Cover_p1-4.pdf
Tue May 16 11:58:23 2017,/Volumes/share/Single/[_EFI_HotFolder_]/[MoveFolder]/20175161158400/690596_690596_No 10 Envelope_Single-sided_p1.pdf
Tue May 16 11:59:02 2017,/Volumes/share/Single/[_EFI_HotFolder_]/[MoveFolder]/20175161159220/690596_690596_No 10 Envelope_Single-sided_p1.pdf
Tue May 16 18:36:02 2017,/Volumes/share/Single/[_EFI_HotFolder_]/[MoveFolder]/20175161836160/690523_690523_4up each of 2_Single-sided_p1-2.pdf
Tue May 16 20:44:25 2017,/Volumes/share/Single/[_EFI_HotFolder_]/[MoveFolder]/20175162044390/690565_690565_16up same_Single-sided_p1.pdf
Wed May 17 10:50:12 2017,/Volumes/share/Single/[_EFI_HotFolder_]/[MoveFolder]/20175171050310/690577_690577_14up same_p1-2.pdf
Wed May 17 10:09:01 2017,/Volumes/share/Single/[_EFI_HotFolder_]/[MoveFolder]/2017517109180/690512_690512_8up same_Single-sided_p1.pdf
Wed May 17 09:47:30 2017,/Volumes/share/Single/[_EFI_HotFolder_]/[MoveFolder]/2017517947460/690512_690512_8up same_Single-sided_p1.pdf
Mon May 15 10:07:10 2017,/Volumes/PTDATA/PDFs/682806-R1_PL_682806.pdf
Mon May 15 10:45:53 2017,/Volumes/PTDATA/PDFs/685213-Observer.pdf
Wed May 17 10:41:46 2017,/Volumes/PTDATA/PDFs/685213_InContact_00.pdf
Mon May 15 13:13:50 2017,/Volumes/PTDATA/PDFs/685843_Cover.pdf
Mon May 15 13:14:11 2017,/Volumes/PTDATA/PDFs/685843_text.pdf
Tue May 16 21:11:28 2017,/Volumes/PTDATA/PDFs/686623-Cover_00.pdf
Tue May 16 20:54:43 2017,/Volumes/PTDATA/PDFs/687147_OFC_01.pdf
Tue May 16 20:54:57 2017,/Volumes/PTDATA/PDFs/687147_p11_01.pdf
Tue May 16 20:54:44 2017,/Volumes/PTDATA/PDFs/687147_p1_01.pdf
Tue May 16 20:54:59 2017,/Volumes/PTDATA/PDFs/687147_p21_01.pdf
Tue May 16 20:55:02 2017,/Volumes/PTDATA/PDFs/687147_p23_01.pdf
Tue May 16 20:55:05 2017,/Volumes/PTDATA/PDFs/687147_p24_01.pdf
Tue May 16 20:55:08 2017,/Volumes/PTDATA/PDFs/687147_p25_01.pdf
Tue May 16 20:54:48 2017,/Volumes/PTDATA/PDFs/687147_p2_01.pdf
Tue May 16 20:55:11 2017,/Volumes/PTDATA/PDFs/687147_p33_01.pdf
Tue May 16 20:54:50 2017,/Volumes/PTDATA/PDFs/687147_p6_01.pdf
Tue May 16 20:54:54 2017,/Volumes/PTDATA/PDFs/687147_p7_01.pdf
Sat May 13 12:51:35 2017,/Volumes/PTDATA/PDFs/687203_Proofs2.pdf
Tue May 16 16:28:10 2017,/Volumes/PTDATA/PDFs/687261_Kravet_01.pdf
Wed May 17 10:33:20 2017,/Volumes/PTDATA/PDFs/687261_p4_02.pdf
Wed May 17 10:33:25 2017,/Volumes/PTDATA/PDFs/687261_pOFC_02.pdf
Mon May 15 14:28:02 2017,/Volumes/PTDATA/PDFs/687777_Cov-proof.pdf
Mon May 15 14:29:34 2017,/Volumes/PTDATA/PDFs/687777_p3-proof.pdf
Fri May 12 15:53:23 2017,/Volumes/PTDATA/PDFs/687846_687846_p1_01_p1.pdf
Mon May 15 14:11:47 2017,/Volumes/PTDATA/PDFs/687846_covProof4.pdf
Mon May 15 13:33:18 2017,/Volumes/PTDATA/PDFs/687846_p1-Proof4.pdf
Tue May 16 14:20:15 2017,/Volumes/PTDATA/PDFs/687846_SpineProof.pdf
Fri May 12 15:55:28 2017,/Volumes/PTDATA/PDFs/687846_Text-Proof2.pdf
Fri May 12 14:49:33 2017,/Volumes/PTDATA/PDFs/687860_Flyer_01.pdf
Fri May 12 14:55:33 2017,/Volumes/PTDATA/PDFs/687860_insert_01.pdf
Fri May 12 16:37:52 2017,/Volumes/PTDATA/PDFs/688614_TOB_01.pdf
Fri May 12 14:01:43 2017,/Volumes/PTDATA/PDFs/688881_Proof.pdf
Mon May 15 16:43:45 2017,/Volumes/PTDATA/PDFs/689227_OFC_Ortiz.pdf
Mon May 15 14:51:20 2017,/Volumes/PTDATA/PDFs/689227_OFC_Ortiz_00.pdf
Mon May 15 14:51:17 2017,/Volumes/PTDATA/PDFs/689227_p1-32_00.pdf
Fri May 12 17:21:36 2017,/Volumes/PTDATA/PDFs/689366_64pg Text.pdf
Fri May 12 17:19:23 2017,/Volumes/PTDATA/PDFs/689366_cov.pdf
Mon May 15 15:15:18 2017,/Volumes/PTDATA/PDFs/689366_Cover.pdf
Mon May 15 15:18:39 2017,/Volumes/PTDATA/PDFs/689366_Text.pdf
Mon May 15 14:31:29 2017,/Volumes/PTDATA/PDFs/689426_PL_689426_B 52pg Text.pdf
Mon May 15 14:30:57 2017,/Volumes/PTDATA/PDFs/689426_PL_689426_B Covers.pdf
Tue May 16 15:09:09 2017,/Volumes/PTDATA/PDFs/689745_JulyAugust_00.pdf
Tue May 16 15:08:33 2017,/Volumes/PTDATA/PDFs/689745_p1-Subscriber_00.pdf
Tue May 16 16:22:05 2017,/Volumes/PTDATA/PDFs/689796_cover.pdf
Tue May 16 16:22:04 2017,/Volumes/PTDATA/PDFs/689796_Divider.pdf
Wed May 17 11:17:14 2017,/Volumes/PTDATA/PDFs/689796_p55_01.pdf
Tue May 16 16:22:12 2017,/Volumes/PTDATA/PDFs/689796_Text.pdf
Mon May 15 16:51:11 2017,/Volumes/PTDATA/PDFs/689852_p19_01.pdf
Mon May 15 14:23:35 2017,/Volumes/PTDATA/PDFs/690129_bilingual tumble.pdf
Mon May 15 14:21:50 2017,/Volumes/PTDATA/PDFs/690129_English.pdf
Mon May 15 14:21:52 2017,/Volumes/PTDATA/PDFs/690129_French.pdf
Mon May 15 19:20:20 2017,/Volumes/PTDATA/PDFs/690147-Guide-en_00.pdf
Mon May 15 19:20:52 2017,/Volumes/PTDATA/PDFs/690147-Guide-fr_00.pdf
Fri May 12 21:55:09 2017,/Volumes/PTDATA/PDFs/690223_BCOP_01.pdf
Wed May 17 06:49:50 2017,/Volumes/PTDATA/PDFs/690242_covers - green is foil.pdf
Wed May 17 06:44:33 2017,/Volumes/PTDATA/PDFs/690242_text rev.pdf
Fri May 12 17:53:06 2017,/Volumes/PTDATA/PDFs/690273.pdf
Mon May 15 10:45:44 2017,/Volumes/PTDATA/PDFs/690273_OFC_01.pdf
Mon May 15 12:22:49 2017,/Volumes/PTDATA/PDFs/690273_p34_01.pdf
Mon May 15 10:45:49 2017,/Volumes/PTDATA/PDFs/690273_p36_01.pdf
Mon May 15 10:45:47 2017,/Volumes/PTDATA/PDFs/690273_p8_01.pdf
Mon May 15 19:54:08 2017,/Volumes/PTDATA/PDFs/690279_Anniversary_p1-16_00.pdf
Tue May 16 14:49:02 2017,/Volumes/PTDATA/PDFs/690279_Anniversary_p7_01.pdf
Mon May 15 19:53:45 2017,/Volumes/PTDATA/PDFs/690279_Home Decor_p1_&_16_00.pdf
Mon May 15 19:54:14 2017,/Volumes/PTDATA/PDFs/690279_Indoor Yard Sale_p1_&_16_00.pdf
Fri May 12 15:49:05 2017,/Volumes/PTDATA/PDFs/690335-EN-cover-02.pdf
Fri May 12 15:49:08 2017,/Volumes/PTDATA/PDFs/690335-FR-cover-02.pdf
Fri May 12 15:49:15 2017,/Volumes/PTDATA/PDFs/690335-GE-cover-02.pdf
Fri May 12 14:57:04 2017,/Volumes/PTDATA/PDFs/690357_Revised Proof.pdf
Mon May 15 15:26:31 2017,/Volumes/PTDATA/PDFs/690381-ONTARIO-EN_00.pdf
Mon May 15 15:27:13 2017,/Volumes/PTDATA/PDFs/690381-ONTARIO-FR_00.pdf
Tue May 16 14:02:16 2017,/Volumes/PTDATA/PDFs/690381_690381-ONTARIO-EN_00_p1-16.pdf
Tue May 16 14:02:24 2017,/Volumes/PTDATA/PDFs/690381_690381-ONTARIO-FR_00_p1-16.pdf
Mon May 15 15:24:25 2017,/Volumes/PTDATA/PDFs/690397_690397_COVER_00_p1-4.pdf
Mon May 15 15:24:27 2017,/Volumes/PTDATA/PDFs/690397_690397_TEXT_00_p1-12.pdf
Fri May 12 18:15:20 2017,/Volumes/PTDATA/PDFs/690425_p5-Proof.pdf
Tue May 16 08:46:18 2017,/Volumes/PTDATA/PDFs/690429_cover.pdf
Tue May 16 08:17:51 2017,/Volumes/PTDATA/PDFs/690429_text.pdf
Tue May 16 11:53:40 2017,/Volumes/PTDATA/PDFs/690451.pdf
Tue May 16 15:08:28 2017,/Volumes/PTDATA/PDFs/690453_English.pdf
Tue May 16 11:15:37 2017,/Volumes/PTDATA/PDFs/690482-16_01_p1.pdf
Tue May 16 14:03:13 2017,/Volumes/PTDATA/PDFs/690516_rev.pdf
Tue May 16 14:33:26 2017,/Volumes/PTDATA/PDFs/690523-AndreiC.pdf
Tue May 16 14:33:28 2017,/Volumes/PTDATA/PDFs/690523-RinoC.pdf
Tue May 16 16:53:22 2017,/Volumes/PTDATA/PDFs/690541.pdf
Tue May 16 09:04:18 2017,/Volumes/PTDATA/PDFs/690545_rev.pdf
Tue May 16 15:43:14 2017,/Volumes/PTDATA/PDFs/690577-BRC_00.pdf
Mon May 15 20:39:24 2017,/Volumes/PTDATA/PDFs/690585_EN_00.pdf
Mon May 15 20:39:31 2017,/Volumes/PTDATA/PDFs/690585_Fr_00.pdf
Mon May 15 20:46:32 2017,/Volumes/PTDATA/PDFs/690587-Eng_00.pdf
Mon May 15 20:46:35 2017,/Volumes/PTDATA/PDFs/690587-Fre_00.pdf
Tue May 16 10:47:15 2017,/Volumes/PTDATA/PDFs/690596_env_00.pdf
Mon May 15 21:38:09 2017,/Volumes/PTDATA/PDFs/690601_NAC_00.pdf
Tue May 16 16:45:26 2017,/Volumes/PTDATA/PDFs/690602.pdf
Tue May 16 21:25:25 2017,/Volumes/PTDATA/PDFs/690612_PD-BX-00620_Issue4_00.pdf
Wed May 17 10:20:03 2017,/Volumes/PTDATA/PDFs/690614_PD-BX-00732_Issue1_p1.pdf
Wed May 17 10:00:00 2017,/Volumes/PTDATA/PDFs/690616_PD-BX-00684_Issue 2_p1.pdf
Tue May 16 15:37:04 2017,/Volumes/PTDATA/PDFs/690630_rev.pdf
Tue May 16 15:06:35 2017,/Volumes/PTDATA/PDFs/690633.pdf
Wed May 17 10:18:33 2017,/Volumes/PTDATA/PDFs/690732_PD-BX-00732_Issue1_p1.pdf
Wed May 17 11:38:18 2017,/Volumes/share/12x18_Folded_Stitched/[_EFI_HotFolder_]/[MoveFolder]/20175171138320/686741_686741_Sig-1_p1-4.pdf
Wed May 17 11:41:18 2017,/Volumes/share/12x18_Folded_Stitched/[_EFI_HotFolder_]/[MoveFolder]/20175171141350/686741_686741_Sig-2_p1-16.pdf
Wed May 17 11:47:32 2017,/Volumes/share/12x18_Folded_Stitched/[_EFI_HotFolder_]/[MoveFolder]/20175171147450/684390_684390_Sg1-Cvr--4pg_p1-2.pdf
Wed May 17 11:48:43 2017,/Volumes/share/12x18_Folded_Stitched/[_EFI_HotFolder_]/[MoveFolder]/20175171148580/684390_684390_Sg2-16pg_p1-8.pdf
Wed May 17 11:51:32 2017,/Volumes/share/12x18_Folded_Stitched/[_EFI_HotFolder_]/[MoveFolder]/20175171151510/684390_684390_Sig003_p1-16.pdf
Wed May 17 11:54:14 2017,/Volumes/share/13x19/685819_685819_NEWSTAND COVER Sheet 1_p1-4.pdf
Wed May 17 11:53:29 2017,/Volumes/share/13x19/[_EFI_HotFolder_]/[MoveFolder]/20175171153480/685819_685819_SUBSCRIBER COVER Sheet 1_p1-4.pdf
Wed May 17 11:33:47 2017,/Volumes/share/Flat/[_EFI_HotFolder_]/[MoveFolder]/2017517113460/686741_686741_Sig-2.pdf
Wed May 17 11:45:17 2017,/Volumes/share/Flat/[_EFI_HotFolder_]/[MoveFolder]/20175171145290/684390_684390_Sg1-Cvr--4pg.pdf
Wed May 17 11:45:24 2017,/Volumes/share/Flat/[_EFI_HotFolder_]/[MoveFolder]/20175171145410/684390_684390_Sg2-16pg.pdf
Wed May 17 11:45:36 2017,/Volumes/share/Flat/[_EFI_HotFolder_]/[MoveFolder]/20175171145530/684390_684390_Sg3-32pg_W1.pdf
Wed May 17 11:45:49 2017,/Volumes/share/Flat/[_EFI_HotFolder_]/[MoveFolder]/2017517114650/684390_684390_Sg3-32pg_W2.pdf
Wed May 17 11:52:04 2017,/Volumes/share/Single/[_EFI_HotFolder_]/[MoveFolder]/20175171152260/690627_690627_Fm1-16up of 2 diff Cards_p1-4.pdf
Wed May 17 12:53:27 2017,/Volumes/share/12x18_Folded_Stitched/[_EFI_HotFolder_]/[MoveFolder]/20175171253440/685213_685213_InContact_p1-4.pdf
Wed May 17 11:54:48 2017,/Volumes/share/13x19/[_EFI_HotFolder_]/[MoveFolder]/2017517115530/685819_685819_NEWSTAND COVER Sheet 1_p1-4.pdf
Wed May 17 12:56:35 2017,/Volumes/share/13x19/[_EFI_HotFolder_]/[MoveFolder]/20175171256490/690620_690620_4up same_Single-sided_p1-3.pdf
Wed May 17 12:58:53 2017,/Volumes/share/13x19/[_EFI_HotFolder_]/[MoveFolder]/20175171259110/690620_690620_4up same_Single-sided_p1-2.pdf
Wed May 17 13:00:45 2017,/Volumes/share/13x19/[_EFI_HotFolder_]/[MoveFolder]/201751713130/690620_690620_4up same_Single-sided_p1-2.pdf
Wed May 17 12:13:24 2017,/Volumes/share/Flat/[_EFI_HotFolder_]/[MoveFolder]/20175171213380/690295_690295_1up large poster.pdf
Wed May 17 12:13:32 2017,/Volumes/share/Flat/[_EFI_HotFolder_]/[MoveFolder]/20175171213500/690295_690295_4up same countermat.pdf
Wed May 17 12:13:42 2017,/Volumes/share/Flat/[_EFI_HotFolder_]/[MoveFolder]/2017517121420/690295_690295_2up same slatwall.pdf
Wed May 17 12:22:50 2017,/Volumes/share/Flat/[_EFI_HotFolder_]/[MoveFolder]/2017517122340/690552_690552_5up Cheers + 5up Local + 2up Port.pdf
Wed May 17 12:31:32 2017,/Volumes/share/Flat/[_EFI_HotFolder_]/[MoveFolder]/20175171231470/690552_690552_5up Cheers + 5up Local + 2up Port.pdf
Wed May 17 12:52:59 2017,/Volumes/share/Flat/[_EFI_HotFolder_]/[MoveFolder]/20175171253190/685213_685213_InContact.pdf
Wed May 17 12:33:00 2017,/Volumes/share/Flat-Perfecting/[_EFI_HotFolder_]/[MoveFolder]/20175171233160/690545_690545_Sig1 16pg.pdf
Wed May 17 12:33:11 2017,/Volumes/share/Flat-Perfecting/[_EFI_HotFolder_]/[MoveFolder]/20175171233280/690545_690545_Sig2 16pg.pdf
Wed May 17 12:32:46 2017,/Volumes/share/Flat-Perfecting/[_EFI_HotFolder_]/[MoveFolder]/2017517123340/690545_690545_4up same Covers.pdf
Wed May 17 12:33:22 2017,/Volumes/share/Flat-Perfecting/[_EFI_HotFolder_]/[MoveFolder]/20175171233400/690545_690545_Sig3 16pg.pdf
Wed May 17 12:33:35 2017,/Volumes/share/Flat-Perfecting/[_EFI_HotFolder_]/[MoveFolder]/20175171233520/690545_690545_Sig4 16pg.pdf
Wed May 17 12:23:33 2017,/Volumes/share/Single/[_EFI_HotFolder_]/[MoveFolder]/20175171223490/690552_690552_5up Cheers + 5up Local + 2up Port_p1-6.pdf
Wed May 17 12:42:26 2017,/Volumes/share/Single/[_EFI_HotFolder_]/[MoveFolder]/20175171242410/690552_690552_5up Cheers + 5up Local + 2up Port_p1-6.pdf
Wed May 17 12:25:14 2017,/Volumes/PTDATA/PDFs/686741.pdf
Wed May 17 12:28:37 2017,/Volumes/PTDATA/PDFs/687649_PL_687649-DW.pdf
Wed May 17 12:50:18 2017,/Volumes/PTDATA/PDFs/690637.pdf
Wed May 17 13:03:47 2017,/Volumes/PTDATA/PDFs/690674 Cover.pdf
Wed May 17 13:03:59 2017,/Volumes/PTDATA/PDFs/690674 text .pdf
Wed May 17 13:13:43 2017,/Volumes/share/12x18_Folded_Stitched/[_EFI_HotFolder_]/[MoveFolder]/20175171313570/690594_690594_Sig.1 8pg_p1-4.pdf
Wed May 17 13:21:45 2017,/Volumes/share/12x18_Folded_Stitched/[_EFI_HotFolder_]/[MoveFolder]/2017517132200/690453_690453_Sig-1-ENG_W2_p1-4.pdf
Wed May 17 13:23:34 2017,/Volumes/share/12x18_Folded_Stitched/[_EFI_HotFolder_]/[MoveFolder]/20175171323530/690453_690453_Sig-1-ENG_W1_p1-8.pdf
Wed May 17 13:24:32 2017,/Volumes/share/12x18_Folded_Stitched/[_EFI_HotFolder_]/[MoveFolder]/20175171324480/690453_690453_Sig-1-FRE_W2_p1-4.pdf
Wed May 17 13:26:23 2017,/Volumes/share/12x18_Folded_Stitched/[_EFI_HotFolder_]/[MoveFolder]/20175171326410/690453_690453_Sig-1-FRE_W1_p1-8.pdf
Wed May 17 13:29:43 2017,/Volumes/share/12x18_Folded_Stitched/[_EFI_HotFolder_]/[MoveFolder]/20175171329580/690453_690453_Sig001_p1-12.pdf
Wed May 17 13:32:24 2017,/Volumes/share/12x18_Folded_Stitched/[_EFI_HotFolder_]/[MoveFolder]/20175171332360/690453_690453_Sig002_p1-12.pdf
Wed May 17 13:12:56 2017,/Volumes/share/Flat/[_EFI_HotFolder_]/[MoveFolder]/20175171313120/690594_690594_Sig.1 8pg.pdf
Wed May 17 13:14:06 2017,/Volumes/share/Flat/[_EFI_HotFolder_]/[MoveFolder]/20175171314240/690295_690295_1up large poster.pdf
Wed May 17 13:26:30 2017,/Volumes/share/Flat/[_EFI_HotFolder_]/[MoveFolder]/20175171326470/690613_0147048 Rev M_4up same_F.pdf
Wed May 17 13:36:33 2017,/Volumes/share/Flat/[_EFI_HotFolder_]/[MoveFolder]/20175171336520/690453_690453_Sig-1-ENG_W1.pdf
Wed May 17 13:36:30 2017,/Volumes/share/Flat/[_EFI_HotFolder_]/[MoveFolder]/20175171336540/690453_690453_Sig-1-ENG_W2.pdf
Wed May 17 13:36:37 2017,/Volumes/share/Flat/[_EFI_HotFolder_]/[MoveFolder]/20175171336560/690453_690453_Sig-1-FRE_W1.pdf
Wed May 17 13:36:38 2017,/Volumes/share/Flat/[_EFI_HotFolder_]/[MoveFolder]/20175171336580/690453_690453_Sig-1-FRE_W2.pdf
Wed May 17 13:14:20 2017,/Volumes/share/Flat-Perfecting/[_EFI_HotFolder_]/[MoveFolder]/20175171314360/690295_690295_4up same small poster.pdf
Wed May 17 13:14:31 2017,/Volumes/share/Flat-Perfecting/[_EFI_HotFolder_]/[MoveFolder]/20175171314480/690295_690295_4up same countermat.pdf
Wed May 17 13:14:45 2017,/Volumes/share/Flat-Perfecting/[_EFI_HotFolder_]/[MoveFolder]/2017517131500/690295_690295_2up same slatwall.pdf
Wed May 17 13:56:46 2017,/Volumes/share/Single/[_EFI_HotFolder_]/[MoveFolder]/2017517135730/690637_690637_12up same_p1-2.pdf
Wed May 17 13:57:04 2017,/Volumes/PTDATA/PDFs/686623-Cover_pages_00.pdf
Wed May 17 13:51:17 2017,/Volumes/PTDATA/PDFs/690541_revised.pdf
Wed May 17 13:32:11 2017,/Volumes/PTDATA/PDFs/690613_PD-BX-00623_Issue4_p1.pdf
Wed May 17 13:31:45 2017,/Volumes/PTDATA/PDFs/690615_PL_690615.pdf
Wed May 17 14:42:10 2017,/Volumes/share/12x18_Folded_Nostitch/[_EFI_HotFolder_]/[MoveFolder]/20175171442300/686623_686623_Cover_p1-2.pdf
Wed May 17 14:10:02 2017,/Volumes/share/13x19/[_EFI_HotFolder_]/[MoveFolder]/20175171410170/690516_690516_6up same_p1-2.pdf
Wed May 17 14:27:11 2017,/Volumes/share/13x19/[_EFI_HotFolder_]/[MoveFolder]/20175171427290/690568_690568_5up same_p1-2.pdf
Wed May 17 14:10:06 2017,/Volumes/share/Flat/[_EFI_HotFolder_]/[MoveFolder]/20175171410220/690568_690568_5up same.pdf
Wed May 17 14:24:25 2017,/Volumes/share/Flat/[_EFI_HotFolder_]/[MoveFolder]/20175171424470/687261_687261_Sig-1-70lb.pdf
Wed May 17 14:24:36 2017,/Volumes/share/Flat/[_EFI_HotFolder_]/[MoveFolder]/20175171424590/687261_687261_Sig-2-60lb.pdf
Wed May 17 14:24:47 2017,/Volumes/share/Flat/[_EFI_HotFolder_]/[MoveFolder]/20175171425110/687261_687261_Sig-3-60lb.pdf
Wed May 17 14:09:38 2017,/Volumes/share/Flat/[_EFI_HotFolder_]/[MoveFolder]/2017517149500/690516_690516_6up same.pdf
Wed May 17 14:36:14 2017,/Volumes/share/Flat-Perfecting/[_EFI_HotFolder_]/[MoveFolder]/20175171436340/690242_690242 XL_4up same Covers.pdf
Wed May 17 14:41:31 2017,/Volumes/share/Flat-Perfecting/[_EFI_HotFolder_]/[MoveFolder]/20175171441490/686623_686623_Cover.pdf
Wed May 17 14:09:30 2017,/Volumes/PTDATA/PDFs/689902_p18_01.pdf
Wed May 17 14:09:33 2017,/Volumes/PTDATA/PDFs/689902_p29_01.pdf
Wed May 17 14:09:37 2017,/Volumes/PTDATA/PDFs/689902_p43_01.pdf
Wed May 17 14:09:41 2017,/Volumes/PTDATA/PDFs/689902_p60_01.pdf
Wed May 17 14:09:46 2017,/Volumes/PTDATA/PDFs/689902_p62_01.pdf
Wed May 17 14:59:23 2017,/Volumes/share/12x18_Folded_Stitched/[_EFI_HotFolder_]/[MoveFolder]/20175171459360/690123_690123_Sig.1 16pg_p1-8.pdf
Wed May 17 15:00:39 2017,/Volumes/share/12x18_Folded_Stitched/[_EFI_HotFolder_]/[MoveFolder]/201751715100/690123_690123_Sig.2 16pg_p1-8.pdf
Wed May 17 15:10:40 2017,/Volumes/share/12x18_Folded_Stitched/[_EFI_HotFolder_]/[MoveFolder]/20175171510530/690123_690123_Sig.3 16pg_p1-8.pdf
Wed May 17 15:01:49 2017,/Volumes/share/12x18_Folded_Stitched/[_EFI_HotFolder_]/[MoveFolder]/201751715230/690123_690123_Sig.3 16pg_p1-8.pdf
Wed May 17 15:08:03 2017,/Volumes/share/12x18_Folded_Stitched/[_EFI_HotFolder_]/[MoveFolder]/2017517158160/690123_690123_Sig.1 16pg_p1-8.pdf
Wed May 17 15:09:26 2017,/Volumes/share/12x18_Folded_Stitched/[_EFI_HotFolder_]/[MoveFolder]/2017517159400/690123_690123_Sig.2 16pg_p1-8.pdf
Wed May 17 15:13:49 2017,/Volumes/share/13x19/[_EFI_HotFolder_]/[MoveFolder]/2017517151420/690616_690616_6up same_Single-sided_p1.pdf
Wed May 17 15:15:54 2017,/Volumes/share/13x19/[_EFI_HotFolder_]/[MoveFolder]/20175171516140/690616_690616_6up same_Single-sided_p1.pdf
Wed May 17 15:26:14 2017,/Volumes/share/13x19/[_EFI_HotFolder_]/[MoveFolder]/20175171526270/690458_690458_Cover_p1-2.pdf
Wed May 17 15:28:46 2017,/Volumes/share/13x19/[_EFI_HotFolder_]/[MoveFolder]/2017517152900/690458_690458_Sig.6 16pg_p1-8.pdf
Wed May 17 14:49:09 2017,/Volumes/share/Flat/[_EFI_HotFolder_]/[MoveFolder]/20175171449250/690123_690123_Sig.1 16pg.pdf
Wed May 17 14:49:17 2017,/Volumes/share/Flat/[_EFI_HotFolder_]/[MoveFolder]/20175171449370/690123_690123_Sig.2 16pg.pdf
Wed May 17 14:49:25 2017,/Volumes/share/Flat/[_EFI_HotFolder_]/[MoveFolder]/20175171449490/690123_690123_Sig.3 16pg.pdf
Wed May 17 15:12:25 2017,/Volumes/share/Flat/[_EFI_HotFolder_]/[MoveFolder]/20175171512410/690616_690616_6up same_F.pdf
Wed May 17 16:28:27 2017,/Volumes/share/Flat/[_EFI_HotFolder_]/[MoveFolder]/20175171628450/687052_687052 rev_Sig.1 16pg.pdf
Wed May 17 16:28:43 2017,/Volumes/share/Flat/[_EFI_HotFolder_]/[MoveFolder]/20175171628570/687052_687052 rev_Sig.2 16pg.pdf
Wed May 17 16:28:58 2017,/Volumes/share/Flat/[_EFI_HotFolder_]/[MoveFolder]/20175171629200/687052_687052 rev_Sig.3 16pg.pdf
Wed May 17 16:29:11 2017,/Volumes/share/Flat/[_EFI_HotFolder_]/[MoveFolder]/20175171629320/687052_687052 rev_Sig.4 16pg.pdf
Wed May 17 16:30:41 2017,/Volumes/share/Flat/[_EFI_HotFolder_]/[MoveFolder]/20175171630550/690346_690346_Cover.pdf
Wed May 17 16:30:58 2017,/Volumes/share/Flat/[_EFI_HotFolder_]/[MoveFolder]/20175171631180/690346_690346_Sig-1.pdf
Wed May 17 16:31:10 2017,/Volumes/share/Flat/[_EFI_HotFolder_]/[MoveFolder]/20175171631330/690346_690346_Sig-2.pdf
Wed May 17 16:31:21 2017,/Volumes/share/Flat/[_EFI_HotFolder_]/[MoveFolder]/20175171631450/690346_690346_Sig-3.pdf
Wed May 17 16:31:42 2017,/Volumes/share/Flat/[_EFI_HotFolder_]/[MoveFolder]/20175171631570/690346_690346_Sig-4.pdf
Wed May 17 16:32:01 2017,/Volumes/share/Flat/[_EFI_HotFolder_]/[MoveFolder]/20175171632200/690346_690346_Sig-5.pdf
Wed May 17 16:32:15 2017,/Volumes/share/Flat/[_EFI_HotFolder_]/[MoveFolder]/20175171632320/690346_690346_Sig-6.pdf
Wed May 17 16:32:25 2017,/Volumes/share/Flat/[_EFI_HotFolder_]/[MoveFolder]/20175171632440/690346_690346_Sig-7.pdf
Wed May 17 16:32:37 2017,/Volumes/share/Flat/[_EFI_HotFolder_]/[MoveFolder]/20175171632560/690346_690346_Sig-8.pdf
Wed May 17 16:33:03 2017,/Volumes/share/Flat/[_EFI_HotFolder_]/[MoveFolder]/20175171633210/690346_690346_Sig-10.pdf
Wed May 17 16:33:15 2017,/Volumes/share/Flat/[_EFI_HotFolder_]/[MoveFolder]/20175171633330/690346_690346_Sig-11.pdf
Wed May 17 16:32:52 2017,/Volumes/share/Flat/[_EFI_HotFolder_]/[MoveFolder]/2017517163390/690346_690346_Sig-9.pdf
Wed May 17 16:34:09 2017,/Volumes/share/Flat/[_EFI_HotFolder_]/[MoveFolder]/20175171634250/690346_690346_Sig-12.pdf
Wed May 17 16:34:20 2017,/Volumes/share/Flat/[_EFI_HotFolder_]/[MoveFolder]/20175171634380/690346_690346_Sig-13.pdf
Wed May 17 16:34:33 2017,/Volumes/share/Flat/[_EFI_HotFolder_]/[MoveFolder]/20175171634510/690346_690346_Sig-14.pdf
Wed May 17 16:35:00 2017,/Volumes/share/Flat/[_EFI_HotFolder_]/[MoveFolder]/20175171635170/690346_690346_Sig-16.pdf
Wed May 17 16:35:14 2017,/Volumes/share/Flat/[_EFI_HotFolder_]/[MoveFolder]/20175171635290/690346_690346_Sig-17.pdf
Wed May 17 16:34:47 2017,/Volumes/share/Flat/[_EFI_HotFolder_]/[MoveFolder]/2017517163530/690346_690346_Sig-15.pdf
Wed May 17 16:35:27 2017,/Volumes/share/Flat/[_EFI_HotFolder_]/[MoveFolder]/20175171635420/690346_690346_Sig-18.pdf
Wed May 17 16:35:39 2017,/Volumes/share/Flat/[_EFI_HotFolder_]/[MoveFolder]/20175171635550/690346_690346_Sig-19.pdf
Wed May 17 16:36:00 2017,/Volumes/share/Flat/[_EFI_HotFolder_]/[MoveFolder]/20175171636200/690346_690346_Sig-21.pdf
Wed May 17 16:36:19 2017,/Volumes/share/Flat/[_EFI_HotFolder_]/[MoveFolder]/20175171636320/690346_690346_Sig-22.pdf
Wed May 17 16:35:52 2017,/Volumes/share/Flat/[_EFI_HotFolder_]/[MoveFolder]/2017517163670/690346_690346_Sig-20.pdf
Wed May 17 16:26:06 2017,/Volumes/share/Flat-Perfecting/[_EFI_HotFolder_]/[MoveFolder]/20175171626220/690286_690286 COV-TABS_Fm1-Cover-2F+2B on same_F.pdf
Wed May 17 16:26:26 2017,/Volumes/share/Flat-Perfecting/[_EFI_HotFolder_]/[MoveFolder]/20175171626450/690286_690286 COV-TABS_Fm2-16 diff tabs.pdf
Wed May 17 16:26:32 2017,/Volumes/share/Flat-Perfecting/[_EFI_HotFolder_]/[MoveFolder]/20175171626460/690286_690286 COV-TABS_Fm3-2up ea. of 6 diff tabs.pdf
Wed May 17 16:36:08 2017,/Volumes/share/Flat-Perfecting/[_EFI_HotFolder_]/[MoveFolder]/20175171636190/690346_690346_Sig-21.pdf
Wed May 17 15:18:11 2017,/Volumes/share/Single/[_EFI_HotFolder_]/[MoveFolder]/20175171518260/690616_690616_6up same_Single-sided_p1.pdf
Wed May 17 16:12:28 2017,/Volumes/PTDATA/PDFs/690109-1_Golf 2017_00.pdf
Wed May 17 17:46:42 2017,/Volumes/PTDATA/PDFs/686623-text_00.pdf
Wed May 17 18:54:24 2017,/Volumes/PTDATA/PDFs/690617_PD-PR-00625_Issue 1_00.pdf
Wed May 17 19:09:35 2017,/Volumes/PTDATA/PDFs/690618_PD-PR-00419_Issue 3_00.pdf
Wed May 17 19:27:28 2017,/Volumes/PTDATA/PDFs/690686_PD-BX-00684_Issue 2_00.pdf
Thu May 18 07:34:15 2017,/Volumes/PTDATA/PDFs/687653_PL_687653.pdf
Thu May 18 10:20:36 2017,/Volumes/PTDATA/PDFs/690223_690223_BCOP_02_p1-7.pdf
Thu May 18 14:50:26 2017,/Volumes/PTDATA/PDFs/690674-Cover.pdf
Thu May 18 14:50:39 2017,/Volumes/PTDATA/PDFs/690674-text.pdf
Thu May 18 15:15:57 2017,/Volumes/PTDATA/PDFs/690060_PL_690060.pdf
Thu May 18 16:47:01 2017,/Volumes/PTDATA/PDFs/690594_PL_690594.pdf
Thu May 18 17:13:37 2017,/Volumes/PTDATA/PDFs/690733_PL_690032.pdf
Fri May 19 08:19:16 2017,/Volumes/PTDATA/PDFs/689567_PL_689567_96pg text.pdf
Fri May 19 08:29:37 2017,/Volumes/PTDATA/PDFs/690742_690742_Brochure-4up same_1.pdf
Fri May 19 08:29:37 2017,/Volumes/PTDATA/PDFs/690742_690742_Brochure-4up same_2.pdf
Fri May 19 08:29:37 2017,/Volumes/PTDATA/PDFs/690742_690742_Brochure-4up same_3.pdf
Fri May 19 08:29:37 2017,/Volumes/PTDATA/PDFs/690742_690742_Brochure-4up same_4.pdf
Fri May 19 08:29:37 2017,/Volumes/PTDATA/PDFs/690742_690742_Brochure-4up same_5.pdf
Fri May 19 08:29:37 2017,/Volumes/PTDATA/PDFs/690742_690742_Brochure-4up same_6.pdf
Thu May 18 15:10:08 2017,/Volumes/share/12x18_Folded_Nostitch/[_EFI_HotFolder_]/[MoveFolder]/20175181510220/689866_689866_Cover   F7BFR_p1-2.pdf
Thu May 18 15:13:27 2017,/Volumes/share/12x18_Folded_Nostitch/[_EFI_HotFolder_]/[MoveFolder]/20175181513450/689866_689866_Sig.1 16pg_p1-8.pdf
Thu May 18 15:16:36 2017,/Volumes/share/12x18_Folded_Nostitch/[_EFI_HotFolder_]/[MoveFolder]/20175181516510/689866_689866_Sig.2 16pg._p1-8.pdf
Thu May 18 15:19:43 2017,/Volumes/share/12x18_Folded_Nostitch/[_EFI_HotFolder_]/[MoveFolder]/2017518152030/689866_689866_Sig.3 24pg._W1_p1-8.pdf
Thu May 18 15:21:55 2017,/Volumes/share/12x18_Folded_Nostitch/[_EFI_HotFolder_]/[MoveFolder]/20175181522150/689866_689866_Sig.3 24pg._W2_p1-4.pdf
Thu May 18 15:24:35 2017,/Volumes/share/12x18_Folded_Nostitch/[_EFI_HotFolder_]/[MoveFolder]/20175181524480/689866_689866_Cover F7CFR _p1-2.pdf
Thu May 18 15:26:28 2017,/Volumes/share/12x18_Folded_Nostitch/[_EFI_HotFolder_]/[MoveFolder]/20175181526410/689866_689866_Cover   F7BFR_p1-2.pdf
Thu May 18 15:29:52 2017,/Volumes/share/12x18_Folded_Nostitch/[_EFI_HotFolder_]/[MoveFolder]/2017518153040/689866_689866_Sig.1 16pg_p1-8.pdf
Thu May 18 15:32:59 2017,/Volumes/share/12x18_Folded_Nostitch/[_EFI_HotFolder_]/[MoveFolder]/20175181533200/689866_689866_Sig.2 16pg._p1-8.pdf
Thu May 18 15:36:22 2017,/Volumes/share/12x18_Folded_Nostitch/[_EFI_HotFolder_]/[MoveFolder]/20175181536400/689866_689866_Sig.3 24pg._W1_p1-8.pdf
Thu May 18 15:39:10 2017,/Volumes/share/12x18_Folded_Nostitch/[_EFI_HotFolder_]/[MoveFolder]/20175181539290/689866_689866_Sig.3 24pg._W2_p1-4.pdf
Thu May 18 18:19:51 2017,/Volumes/share/12x18_Folded_Nostitch/[_EFI_HotFolder_]/[MoveFolder]/2017518182080/690741_690741_12pg_p1-6.pdf
Thu May 18 07:09:51 2017,/Volumes/share/12x18_Folded_Nostitch/[_EFI_HotFolder_]/[MoveFolder]/201751871070/686623_686623_Cover_p1-2.pdf
Thu May 18 14:14:36 2017,/Volumes/share/12x18_Folded_Stitched/[_EFI_HotFolder_]/[MoveFolder]/20175181414530/690167_690167_Sig.1 32pg_p1-16.pdf
Thu May 18 14:17:44 2017,/Volumes/share/12x18_Folded_Stitched/[_EFI_HotFolder_]/[MoveFolder]/2017518141830/690167_690167_Sig.2 32pg_p1-16.pdf
Thu May 18 14:20:14 2017,/Volumes/share/12x18_Folded_Stitched/[_EFI_HotFolder_]/[MoveFolder]/20175181420320/690167_690167_Sig.3 32pg_p1-16.pdf
Thu May 18 14:23:14 2017,/Volumes/share/12x18_Folded_Stitched/[_EFI_HotFolder_]/[MoveFolder]/20175181423300/690167_690167_Sig.4 32pg_p1-16.pdf
Thu May 18 14:25:53 2017,/Volumes/share/12x18_Folded_Stitched/[_EFI_HotFolder_]/[MoveFolder]/20175181426140/690167_690167_Sig.5 32pg_p1-16.pdf
Thu May 18 15:07:11 2017,/Volumes/share/12x18_Folded_Stitched/[_EFI_HotFolder_]/[MoveFolder]/2017518157240/689866_689866_Cover F7CFR _p1-2.pdf
Thu May 18 17:31:52 2017,/Volumes/share/12x18_Folded_Stitched/[_EFI_HotFolder_]/[MoveFolder]/2017518173280/690505_690505_Sig-1_p1-8.pdf
Thu May 18 18:14:38 2017,/Volumes/share/12x18_Folded_Stitched/[_EFI_HotFolder_]/[MoveFolder]/20175181814560/690741_690741_12pg_p1-6.pdf
Thu May 18 20:10:37 2017,/Volumes/share/12x18_Folded_Stitched/[_EFI_HotFolder_]/[MoveFolder]/20175182010490/690570_690570_Sig.2 16pg_p1-8.pdf
Thu May 18 20:12:01 2017,/Volumes/share/12x18_Folded_Stitched/[_EFI_HotFolder_]/[MoveFolder]/20175182012160/690570_690570_Sig.3 16pg_p1-8.pdf
Thu May 18 20:13:22 2017,/Volumes/share/12x18_Folded_Stitched/[_EFI_HotFolder_]/[MoveFolder]/20175182013400/690570_690570_Sig.4 16pg._p1-8.pdf
Thu May 18 20:14:54 2017,/Volumes/share/12x18_Folded_Stitched/[_EFI_HotFolder_]/[MoveFolder]/20175182015130/690570_690570_Sig.5 16pg._p1-8.pdf
Thu May 18 07:13:46 2017,/Volumes/share/12x18_Folded_Stitched/[_EFI_HotFolder_]/[MoveFolder]/2017518713580/686623_686623_Sig.1 4pg_p1-2.pdf
Thu May 18 07:15:49 2017,/Volumes/share/12x18_Folded_Stitched/[_EFI_HotFolder_]/[MoveFolder]/201751871650/686623_686623_Sig.2 16pg_p1-8.pdf
Thu May 18 14:45:30 2017,/Volumes/share/13x19/[_EFI_HotFolder_]/[MoveFolder]/20175181445410/689790_689790_B Cover..10938 spine_FB 001_p1-4.pdf
Thu May 18 14:45:59 2017,/Volumes/share/13x19/[_EFI_HotFolder_]/[MoveFolder]/20175181446140/689790_689790_Sig.1 8pg_p1-4.pdf
Thu May 18 14:47:43 2017,/Volumes/share/13x19/[_EFI_HotFolder_]/[MoveFolder]/20175181447580/689790_689790_Sig.3 16pg_p1-8.pdf
Thu May 18 14:46:50 2017,/Volumes/share/13x19/[_EFI_HotFolder_]/[MoveFolder]/2017518144760/689790_689790_Sig.2 16pg_p1-8.pdf
Thu May 18 21:47:34 2017,/Volumes/share/13x19/[_EFI_HotFolder_]/[MoveFolder]/20175182147530/689796_689796_Cover_p1-4.pdf
Thu May 18 21:49:54 2017,/Volumes/share/13x19/[_EFI_HotFolder_]/[MoveFolder]/20175182150140/689796_689796_Cover_p1-4.pdf
Thu May 18 21:50:20 2017,/Volumes/share/13x19/[_EFI_HotFolder_]/[MoveFolder]/20175182150380/689796_689796_Divider btwn 54 55_p1-2.pdf
Thu May 18 21:52:36 2017,/Volumes/share/13x19/[_EFI_HotFolder_]/[MoveFolder]/20175182152510/689796_689796_Sig.1 16pg_p1-8.pdf
Thu May 18 21:53:02 2017,/Volumes/share/13x19/[_EFI_HotFolder_]/[MoveFolder]/20175182153220/689796_689796_Sig.2 4pg_p1-2.pdf
Thu May 18 21:54:41 2017,/Volumes/share/13x19/[_EFI_HotFolder_]/[MoveFolder]/20175182154560/689796_689796_Sig.3 16pg_p1-8.pdf
Thu May 18 21:56:06 2017,/Volumes/share/13x19/[_EFI_HotFolder_]/[MoveFolder]/20175182156260/689796_689796_Sig.4 16pg _p1-8.pdf
Thu May 18 21:57:40 2017,/Volumes/share/13x19/[_EFI_HotFolder_]/[MoveFolder]/20175182157590/689796_689796_Sig.5 16pg _p1-8.pdf
Thu May 18 21:59:14 2017,/Volumes/share/13x19/[_EFI_HotFolder_]/[MoveFolder]/20175182159310/689796_689796_Sig.6 16pg_p1-8.pdf
Thu May 18 22:15:04 2017,/Volumes/share/13x19/[_EFI_HotFolder_]/[MoveFolder]/20175182215250/689796_689796_Divider btwn 54 55_p1-2.pdf
Thu May 18 23:23:29 2017,/Volumes/share/13x19/[_EFI_HotFolder_]/[MoveFolder]/20175182323490/689902_689902_Sg1-12pg_p1-6.pdf
Thu May 18 23:25:50 2017,/Volumes/share/13x19/[_EFI_HotFolder_]/[MoveFolder]/2017518232630/689902_689902_Sg2-12pg_p1-6.pdf
Thu May 18 23:27:58 2017,/Volumes/share/13x19/[_EFI_HotFolder_]/[MoveFolder]/20175182328130/689902_689902_Sg3-12pg_p1-6.pdf
Thu May 18 23:30:00 2017,/Volumes/share/13x19/[_EFI_HotFolder_]/[MoveFolder]/20175182330150/689902_689902_Sg5-12pg_p1-6.pdf
Thu May 18 23:32:11 2017,/Volumes/share/13x19/[_EFI_HotFolder_]/[MoveFolder]/20175182332220/689902_689902_Sg6-12pg_p1-6.pdf
Thu May 18 23:42:48 2017,/Volumes/share/13x19/[_EFI_HotFolder_]/[MoveFolder]/2017518234360/689902_689902_Sg6-12pg_p1-6.pdf
Thu May 18 23:43:43 2017,/Volumes/share/13x19/[_EFI_HotFolder_]/[MoveFolder]/2017518234410/689902_689902_Sg4-4pg_p1-2.pdf
Thu May 18 23:44:50 2017,/Volumes/share/13x19/[_EFI_HotFolder_]/[MoveFolder]/2017518234560/689902_689902_Cover_p1-4.pdf
Thu May 18 11:27:51 2017,/Volumes/share/Flat/[_EFI_HotFolder_]/[MoveFolder]/20175181128120/690541_690541_4up each Sig1-6pg + Sig2-4pg.pdf
Thu May 18 11:51:51 2017,/Volumes/share/Flat/[_EFI_HotFolder_]/[MoveFolder]/2017518115250/690340_690340_6up same_Single-sided_Black.pdf
Thu May 18 11:51:51 2017,/Volumes/share/Flat/[_EFI_HotFolder_]/[MoveFolder]/2017518115270/690340_690340_6up same_Single-sided_PANTONE 355 C.pdf
Thu May 18 11:51:52 2017,/Volumes/share/Flat/[_EFI_HotFolder_]/[MoveFolder]/2017518115290/690340_690340_6up same_Single-sided_PANTONE 540 C.pdf
Thu May 18 12:54:17 2017,/Volumes/share/Flat/[_EFI_HotFolder_]/[MoveFolder]/20175181254310/690129_690129_Sig-1-English.pdf
Thu May 18 13:02:33 2017,/Volumes/share/Flat/[_EFI_HotFolder_]/[MoveFolder]/2017518132540/690617_690617_10up same.pdf
Thu May 18 13:05:27 2017,/Volumes/share/Flat/[_EFI_HotFolder_]/[MoveFolder]/2017518135460/690617_690617_10up same.pdf
Thu May 18 13:09:32 2017,/Volumes/share/Flat/[_EFI_HotFolder_]/[MoveFolder]/2017518139480/690617_690617_10up same.pdf
Thu May 18 14:10:08 2017,/Volumes/share/Flat/[_EFI_HotFolder_]/[MoveFolder]/20175181410310/690167_690167_Sig.4 32pg.pdf
Thu May 18 14:10:20 2017,/Volumes/share/Flat/[_EFI_HotFolder_]/[MoveFolder]/20175181410430/690167_690167_Sig.5 32pg.pdf
Thu May 18 14:09:52 2017,/Volumes/share/Flat/[_EFI_HotFolder_]/[MoveFolder]/2017518141070/690167_690167_Sig.3 32pg.pdf
Thu May 18 14:25:56 2017,/Volumes/share/Flat/[_EFI_HotFolder_]/[MoveFolder]/20175181426150/690489_690489_6up same_F.pdf
Thu May 18 14:58:31 2017,/Volumes/share/Flat/[_EFI_HotFolder_]/[MoveFolder]/20175181458490/689866_689866_Cover   F7BFR.pdf
Thu May 18 14:58:37 2017,/Volumes/share/Flat/[_EFI_HotFolder_]/[MoveFolder]/20175181458500/689866_689866_Cover F7CFR .pdf
Thu May 18 14:59:03 2017,/Volumes/share/Flat/[_EFI_HotFolder_]/[MoveFolder]/20175181459240/689866_689866_Sig.1 16pg.pdf
Thu May 18 14:59:11 2017,/Volumes/share/Flat/[_EFI_HotFolder_]/[MoveFolder]/20175181459260/689866_689866_Sig.2 16pg..pdf
Thu May 18 14:59:26 2017,/Volumes/share/Flat/[_EFI_HotFolder_]/[MoveFolder]/20175181459490/689866_689866_Sig.3 24pg._W1.pdf
Thu May 18 14:09:21 2017,/Volumes/share/Flat/[_EFI_HotFolder_]/[MoveFolder]/2017518149430/690167_690167_Sig.1 32pg.pdf
Thu May 18 14:09:38 2017,/Volumes/share/Flat/[_EFI_HotFolder_]/[MoveFolder]/2017518149550/690167_690167_Sig.2 32pg.pdf
Thu May 18 14:59:58 2017,/Volumes/share/Flat/[_EFI_HotFolder_]/[MoveFolder]/2017518150120/689866_689866_Sig.3 24pg._W2.pdf
Thu May 18 15:21:57 2017,/Volumes/share/Flat/[_EFI_HotFolder_]/[MoveFolder]/20175181522140/690630_690630_FB 001_F.pdf
Thu May 18 15:33:10 2017,/Volumes/share/Flat/[_EFI_HotFolder_]/[MoveFolder]/20175181533270/690581_690581_16on (8up of 1 + 2up of 2 + 1up of 4diff).pdf
Thu May 18 16:08:14 2017,/Volumes/share/Flat/[_EFI_HotFolder_]/[MoveFolder]/2017518168310/690581_690581_16on (8up of 1 + 2up of 2 + 1up of 4diff).pdf
Thu May 18 17:30:18 2017,/Volumes/share/Flat/[_EFI_HotFolder_]/[MoveFolder]/20175181730340/690505_690505_Sig-1.pdf
Thu May 18 17:38:50 2017,/Volumes/share/Flat/[_EFI_HotFolder_]/[MoveFolder]/2017518173960/690505_690505_Sig-1.pdf
Thu May 18 17:58:13 2017,/Volumes/share/Flat/[_EFI_HotFolder_]/[MoveFolder]/20175181758290/690621_690621_St. Pierre brochure_F.pdf
Thu May 18 17:58:20 2017,/Volumes/share/Flat/[_EFI_HotFolder_]/[MoveFolder]/20175181758410/690621_690621_Miquelon Brochure_F.pdf
Thu May 18 18:14:04 2017,/Volumes/share/Flat/[_EFI_HotFolder_]/[MoveFolder]/20175181814240/690741_690741_12pg.pdf
Thu May 18 18:15:03 2017,/Volumes/share/Flat/[_EFI_HotFolder_]/[MoveFolder]/20175181815160/690741_690741_12pg.pdf
Thu May 18 19:15:04 2017,/Volumes/share/Flat/[_EFI_HotFolder_]/[MoveFolder]/20175181915180/690633_690633_4-HVYT 3-4.pdf
Thu May 18 19:15:30 2017,/Volumes/share/Flat/[_EFI_HotFolder_]/[MoveFolder]/20175181915510/690633_690633_3-HVYT 1.pdf
Thu May 18 21:00:08 2017,/Volumes/share/Flat/[_EFI_HotFolder_]/[MoveFolder]/2017518210250/689796_689796_Divider btwn 54 55.pdf
Thu May 18 21:00:20 2017,/Volumes/share/Flat/[_EFI_HotFolder_]/[MoveFolder]/2017518210380/689796_689796_Sig.1 16pg.pdf
Thu May 18 21:00:30 2017,/Volumes/share/Flat/[_EFI_HotFolder_]/[MoveFolder]/2017518210510/689796_689796_Sig.2 4pg.pdf
Thu May 18 21:00:59 2017,/Volumes/share/Flat/[_EFI_HotFolder_]/[MoveFolder]/2017518211180/689796_689796_Sig.5 16pg .pdf
Thu May 18 21:00:39 2017,/Volumes/share/Flat/[_EFI_HotFolder_]/[MoveFolder]/201751821130/689796_689796_Sig.3 16pg.pdf
Thu May 18 21:01:12 2017,/Volumes/share/Flat/[_EFI_HotFolder_]/[MoveFolder]/2017518211300/689796_689796_Sig.6 16pg.pdf
Thu May 18 21:00:48 2017,/Volumes/share/Flat/[_EFI_HotFolder_]/[MoveFolder]/201751821150/689796_689796_Sig.4 16pg .pdf
Thu May 18 07:13:16 2017,/Volumes/share/Flat/[_EFI_HotFolder_]/[MoveFolder]/2017518713370/686623_686623_Sig.2 16pg.pdf
Thu May 18 07:12:51 2017,/Volumes/share/Flat/[_EFI_HotFolder_]/[MoveFolder]/201751871340/686623_686623_Sig.1 4pg.pdf
Thu May 18 07:19:17 2017,/Volumes/share/Flat/[_EFI_HotFolder_]/[MoveFolder]/2017518719330/686623_686623_Sig.1 4pg.pdf
Thu May 18 14:09:07 2017,/Volumes/share/Flat-Perfecting/[_EFI_HotFolder_]/[MoveFolder]/2017518149220/690167_690167_Cover.pdf
Thu May 18 17:33:00 2017,/Volumes/share/Flat-Perfecting/[_EFI_HotFolder_]/[MoveFolder]/20175181733180/690242_690242 XL_Sig2 8pg.pdf
Thu May 18 17:33:15 2017,/Volumes/share/Flat-Perfecting/[_EFI_HotFolder_]/[MoveFolder]/20175181733300/690242_690242 XL_Sig3 16pg.pdf
Thu May 18 17:33:28 2017,/Volumes/share/Flat-Perfecting/[_EFI_HotFolder_]/[MoveFolder]/20175181733420/690242_690242 XL_Sig4 16pg.pdf
Thu May 18 17:33:40 2017,/Volumes/share/Flat-Perfecting/[_EFI_HotFolder_]/[MoveFolder]/20175181733550/690242_690242 XL_Sig5 16pg.pdf
Thu May 18 17:32:51 2017,/Volumes/share/Flat-Perfecting/[_EFI_HotFolder_]/[MoveFolder]/2017518173360/690242_690242 XL_Sig1 16pg.pdf
Thu May 18 18:16:38 2017,/Volumes/share/Flat-Perfecting/[_EFI_HotFolder_]/[MoveFolder]/20175181816580/689775_689775_B Cover_FB 001.pdf
Thu May 18 18:39:55 2017,/Volumes/share/Flat-Perfecting/[_EFI_HotFolder_]/[MoveFolder]/20175181840120/690548_690548_Folder%3A 3 on same.pdf
Thu May 18 20:59:57 2017,/Volumes/share/Flat-Perfecting/[_EFI_HotFolder_]/[MoveFolder]/2017518210170/689796_689796_Cover.pdf
Thu May 18 11:38:59 2017,/Volumes/share/Single/[_EFI_HotFolder_]/[MoveFolder]/20175181139110/690541_690541_4up each Sig1-6pg + Sig2-4pg_p1-6.pdf
Thu May 18 14:11:24 2017,/Volumes/share/Single/[_EFI_HotFolder_]/[MoveFolder]/20175181411450/690167_690167_Cover_p1-4.pdf
Thu May 18 15:22:03 2017,/Volumes/share/Single/[_EFI_HotFolder_]/[MoveFolder]/20175181522230/690630_690630_FB 001_Single-sided_p1.pdf
Thu May 18 15:37:29 2017,/Volumes/share/Single/[_EFI_HotFolder_]/[MoveFolder]/20175181537480/690581_690581_16on (8up of 1 + 2up of 2 + 1up of 4diff)_p1-9.pdf
Thu May 18 15:55:07 2017,/Volumes/share/Single/[_EFI_HotFolder_]/[MoveFolder]/20175181555210/688399-Proofs_688399_Vesey BRC_p1-2.pdf
Thu May 18 16:45:04 2017,/Volumes/share/Single/[_EFI_HotFolder_]/[MoveFolder]/20175181645240/690279_690279_Sig-2-Common-Anniversary_p1-8.pdf
Thu May 18 16:50:05 2017,/Volumes/share/Single/[_EFI_HotFolder_]/[MoveFolder]/20175181650210/690279_690279_Sig-2-Common-Anniversary_p1-8.pdf
Thu May 18 16:53:08 2017,/Volumes/share/Single/[_EFI_HotFolder_]/[MoveFolder]/20175181653250/690279_690279_Sig-1-Anniversary-Anniversary_p1-8.pdf
Thu May 18 16:56:11 2017,/Volumes/share/Single/[_EFI_HotFolder_]/[MoveFolder]/20175181656230/690279_690279_Sig-1-Indoor-Indoor_p1-8.pdf
Thu May 18 16:58:51 2017,/Volumes/share/Single/[_EFI_HotFolder_]/[MoveFolder]/2017518165960/690279_690279_Sig-1-Home Deco-Home_Deco_p1-8.pdf
Thu May 18 19:15:56 2017,/Volumes/share/Single/[_EFI_HotFolder_]/[MoveFolder]/20175181916130/690633_690633_4-HVYT 3-4_p1-2.pdf
Thu May 18 19:16:24 2017,/Volumes/share/Single/[_EFI_HotFolder_]/[MoveFolder]/20175181916370/690633_690633_3-HVYT 1_p1-2.pdf
